scenario_id,scenario_name,illumination_name,illumination_quality,observation_sigma_multiplier,repetition,strategy,perception_seed,planner_seed,mean_localisation_error,mean_predicted_sigma,camera_movement,planning_success,safe_navigation_success,collision_against_truth,safety_violation_against_truth,minimum_true_safety_clearance
0,baseline,normal,1.0,1.0,0,fixed,20261010,11000,0.04269755320499238,0.026000000000000002,0.0,False,False,False,False,-inf
0,baseline,normal,1.0,1.0,0,generic_active,20261010,11000,0.04269755320499238,0.026000000000000002,0.0,False,False,False,False,-inf
0,baseline,normal,1.0,1.0,0,task_aware_active,20261010,11000,0.004562239828840912,0.0029850468633666727,0.1993389073166024,True,True,False,False,0.00460809317750918
0,baseline,normal,1.0,1.0,1,fixed,20261011,11001,0.03151565109921904,0.026000000000000002,0.0,False,False,False,False,-inf
0,baseline,normal,1.0,1.0,1,generic_active,20261011,11001,0.03151565109921904,0.026000000000000002,0.0,False,False,False,False,-inf
0,baseline,normal,1.0,1.0,1,task_aware_active,20261011,11001,0.00361403993499759,0.0029850468633666727,0.1993389073166024,True,True,False,False,0.0020171341767758182
0,baseline,mild_degradation,0.75,1.1547005383792517,0,fixed,20261110,11100,0.07824063121132219,0.030022213997860547,0.0,False,False,False,False,-inf
0,baseline,mild_degradation,0.75,1.1547005383792517,0,generic_active,20261110,11100,0.07824063121132219,0.030022213997860547,0.0,False,False,False,False,-inf
0,baseline,mild_degradation,0.75,1.1547005383792517,0,task_aware_active,20261110,11100,0.006589307477169456,0.003446835220216794,0.1993389073166024,True,True,False,False,0.00626133415522266
0,baseline,mild_degradation,0.75,1.1547005383792517,1,fixed,20261111,11101,0.03792336137121945,0.030022213997860547,0.0,False,False,False,False,-inf
0,baseline,mild_degradation,0.75,1.1547005383792517,1,generic_active,20261111,11101,0.03792336137121945,0.030022213997860547,0.0,False,False,False,False,-inf
0,baseline,mild_degradation,0.75,1.1547005383792517,1,task_aware_active,20261111,11101,0.005124546212266302,0.003446835220216794,0.1993389073166024,True,True,False,False,0.008488654571738299
0,baseline,moderate_degradation,0.5,1.414213562373095,0,fixed,20261210,11200,0.08968176066887577,0.03676955262170047,0.0,True,True,False,False,0.007207760795882407
0,baseline,moderate_degradation,0.5,1.414213562373095,0,generic_active,20261210,11200,0.08968176066887577,0.03676955262170047,0.0,True,True,False,False,0.007207760795882407
0,baseline,moderate_degradation,0.5,1.414213562373095,0,task_aware_active,20261210,11200,0.007851539967691518,0.004221493758492415,0.1993389073166024,True,True,False,False,0.008770666093420925
0,baseline,moderate_degradation,0.5,1.414213562373095,1,fixed,20261211,11201,0.0823927097607438,0.03676955262170047,0.0,True,True,False,False,0.0035987303083201607
0,baseline,moderate_degradation,0.5,1.414213562373095,1,generic_active,20261211,11201,0.0823927097607438,0.03676955262170047,0.0,True,True,False,False,0.0035987303083201607
0,baseline,moderate_degradation,0.5,1.414213562373095,1,task_aware_active,20261211,11201,0.009351703301948374,0.004221493758492415,0.1993389073166024,True,True,False,False,0.011164519499159203
0,baseline,severe_degradation,0.25,2.0,0,fixed,20261310,11300,0.07519433061978686,0.052000000000000005,0.0,False,False,False,False,-inf
0,baseline,severe_degradation,0.25,2.0,0,generic_active,20261310,11300,0.07519433061978686,0.052000000000000005,0.0,False,False,False,False,-inf
0,baseline,severe_degradation,0.25,2.0,0,task_aware_active,20261310,11300,0.0073076172346996145,0.0059700937267333455,0.1993389073166024,True,True,False,False,0.006309315372504868
0,baseline,severe_degradation,0.25,2.0,1,fixed,20261311,11301,0.09769397669360627,0.052000000000000005,0.0,False,False,False,False,-inf
0,baseline,severe_degradation,0.25,2.0,1,generic_active,20261311,11301,0.09769397669360627,0.052000000000000005,0.0,False,False,False,False,-inf
0,baseline,severe_degradation,0.25,2.0,1,task_aware_active,20261311,11301,0.009759508569085673,0.0059700937267333455,0.1993389073166024,True,True,False,False,0.006590542463938946
1,lateral_positive,normal,1.0,1.0,0,fixed,20271010,21000,0.0039341077689150844,0.0029850468633666727,0.0,True,True,False,False,0.012623340436509761
1,lateral_positive,normal,1.0,1.0,0,generic_active,20271010,21000,0.0039341077689150844,0.0029850468633666727,0.0,True,True,False,False,0.012623340436509761
1,lateral_positive,normal,1.0,1.0,0,task_aware_active,20271010,21000,0.0039341077689150844,0.0029850468633666727,0.0,True,True,False,False,0.012623340436509761
1,lateral_positive,normal,1.0,1.0,1,fixed,20271011,21001,0.006967356494308234,0.0029850468633666727,0.0,True,True,False,False,0.003843554544935594
1,lateral_positive,normal,1.0,1.0,1,generic_active,20271011,21001,0.006967356494308234,0.0029850468633666727,0.0,True,True,False,False,0.003843554544935594
1,lateral_positive,normal,1.0,1.0,1,task_aware_active,20271011,21001,0.006967356494308234,0.0029850468633666727,0.0,True,True,False,False,0.003843554544935594
1,lateral_positive,mild_degradation,0.75,1.1547005383792517,0,fixed,20271110,21100,0.0036687170545438704,0.003446835220216794,0.0,True,True,False,False,0.005289459010298194
1,lateral_positive,mild_degradation,0.75,1.1547005383792517,0,generic_active,20271110,21100,0.0036687170545438704,0.003446835220216794,0.0,True,True,False,False,0.005289459010298194
1,lateral_positive,mild_degradation,0.75,1.1547005383792517,0,task_aware_active,20271110,21100,0.0036687170545438704,0.003446835220216794,0.0,True,True,False,False,0.005289459010298194
1,lateral_positive,mild_degradation,0.75,1.1547005383792517,1,fixed,20271111,21101,0.0033550448305858112,0.003446835220216794,0.0,True,True,False,False,0.00891241433739117
1,lateral_positive,mild_degradation,0.75,1.1547005383792517,1,generic_active,20271111,21101,0.0033550448305858112,0.003446835220216794,0.0,True,True,False,False,0.00891241433739117
1,lateral_positive,mild_degradation,0.75,1.1547005383792517,1,task_aware_active,20271111,21101,0.0033550448305858112,0.003446835220216794,0.0,True,True,False,False,0.00891241433739117
1,lateral_positive,moderate_degradation,0.5,1.414213562373095,0,fixed,20271210,21200,0.005094897649038924,0.004221493758492415,0.0,True,True,False,False,0.011038353027338228
1,lateral_positive,moderate_degradation,0.5,1.414213562373095,0,generic_active,20271210,21200,0.005094897649038924,0.004221493758492415,0.0,True,True,False,False,0.011038353027338228
1,lateral_positive,moderate_degradation,0.5,1.414213562373095,0,task_aware_active,20271210,21200,0.005094897649038924,0.004221493758492415,0.0,True,True,False,False,0.011038353027338228
1,lateral_positive,moderate_degradation,0.5,1.414213562373095,1,fixed,20271211,21201,0.009159228151293459,0.004221493758492415,0.0,True,True,False,False,0.0023018389268041044
1,lateral_positive,moderate_degradation,0.5,1.414213562373095,1,generic_active,20271211,21201,0.009159228151293459,0.004221493758492415,0.0,True,True,False,False,0.0023018389268041044
1,lateral_positive,moderate_degradation,0.5,1.414213562373095,1,task_aware_active,20271211,21201,0.009159228151293459,0.004221493758492415,0.0,True,True,False,False,0.0023018389268041044
1,lateral_positive,severe_degradation,0.25,2.0,0,fixed,20271310,21300,0.009730667182128715,0.0059700937267333455,0.0,True,True,False,False,0.0022233700997968033
1,lateral_positive,severe_degradation,0.25,2.0,0,generic_active,20271310,21300,0.009730667182128715,0.0059700937267333455,0.0,True,True,False,False,0.0022233700997968033
1,lateral_positive,severe_degradation,0.25,2.0,0,task_aware_active,20271310,21300,0.009730667182128715,0.0059700937267333455,0.0,True,True,False,False,0.0022233700997968033
1,lateral_positive,severe_degradation,0.25,2.0,1,fixed,20271311,21301,0.01248032335753592,0.0059700937267333455,0.0,True,True,False,False,0.010082293672457448
1,lateral_positive,severe_degradation,0.25,2.0,1,generic_active,20271311,21301,0.01248032335753592,0.0059700937267333455,0.0,True,True,False,False,0.010082293672457448
1,lateral_positive,severe_degradation,0.25,2.0,1,task_aware_active,20271311,21301,0.01248032335753592,0.0059700937267333455,0.0,True,True,False,False,0.010082293672457448
2,lateral_negative,normal,1.0,1.0,0,fixed,20281010,31000,0.004232511112700091,0.0032375668825886986,0.0,True,True,False,False,0.00418131842497795
2,lateral_negative,normal,1.0,1.0,0,generic_active,20281010,31000,0.004232511112700091,0.0032375668825886986,0.0,True,True,False,False,0.00418131842497795
2,lateral_negative,normal,1.0,1.0,0,task_aware_active,20281010,31000,0.004052512661961646,0.0030970156745426455,0.07296310404050822,True,True,False,False,0.004534724355894226
2,lateral_negative,normal,1.0,1.0,1,fixed,20281011,31001,0.0037297722452892474,0.0032375668825886986,0.0,True,True,False,False,0.004127254375061713
2,lateral_negative,normal,1.0,1.0,1,generic_active,20281011,31001,0.0037297722452892474,0.0032375668825886986,0.0,True,True,False,False,0.004127254375061713
2,lateral_negative,normal,1.0,1.0,1,task_aware_active,20281011,31001,0.0035704407072229866,0.0030970156745426455,0.07296310404050822,True,True,False,False,0.004127254375061713
2,lateral_negative,mild_degradation,0.75,1.1547005383792517,0,fixed,20281110,31100,0.0046398059544188915,0.0037384202223640067,0.0,True,True,False,False,0.005266047607473052
2,lateral_negative,mild_degradation,0.75,1.1547005383792517,0,generic_active,20281110,31100,0.0046398059544188915,0.0037384202223640067,0.0,True,True,False,False,0.005266047607473052
2,lateral_negative,mild_degradation,0.75,1.1547005383792517,0,task_aware_active,20281110,31100,0.004435901343686937,0.003576125666763375,0.07296310404050822,True,True,False,False,0.005266047607473052
2,lateral_negative,mild_degradation,0.75,1.1547005383792517,1,fixed,20281111,31101,0.009024655584694358,0.0037384202223640067,0.0,True,True,False,False,0.007718920232555241
2,lateral_negative,mild_degradation,0.75,1.1547005383792517,1,generic_active,20281111,31101,0.009024655584694358,0.0037384202223640067,0.0,True,True,False,False,0.007718920232555241
2,lateral_negative,mild_degradation,0.75,1.1547005383792517,1,task_aware_active,20281111,31101,0.008498162064303946,0.003576125666763375,0.07296310404050822,True,True,False,False,0.007718920232555241
2,lateral_negative,moderate_degradation,0.5,1.414213562373095,0,fixed,20281210,31200,0.009961524676840808,0.004578610994446919,0.0,True,True,False,False,0.009307310804272306
2,lateral_negative,moderate_degradation,0.5,1.414213562373095,0,generic_active,20281210,31200,0.009961524676840808,0.004578610994446919,0.0,True,True,False,False,0.009307310804272306
2,lateral_negative,moderate_degradation,0.5,1.414213562373095,0,task_aware_active,20281210,31200,0.009516404799119868,0.004379841569820269,0.07296310404050822,True,True,False,False,0.009307310804272306
2,lateral_negative,moderate_degradation,0.5,1.414213562373095,1,fixed,20281211,31201,0.011399786557304534,0.004578610994446919,0.0,True,True,False,False,0.0019919787387711867
2,lateral_negative,moderate_degradation,0.5,1.414213562373095,1,generic_active,20281211,31201,0.011399786557304534,0.004578610994446919,0.0,True,True,False,False,0.0019919787387711867
2,lateral_negative,moderate_degradation,0.5,1.414213562373095,1,task_aware_active,20281211,31201,0.01082489220466662,0.004379841569820269,0.07296310404050822,True,True,False,False,0.0019919787387711867
2,lateral_negative,severe_degradation,0.25,2.0,0,fixed,20281310,31300,0.010997148749465401,0.006475133765177397,0.0,False,False,False,False,-inf
2,lateral_negative,severe_degradation,0.25,2.0,0,generic_active,20281310,31300,0.010997148749465401,0.006475133765177397,0.0,False,False,False,False,-inf
2,lateral_negative,severe_degradation,0.25,2.0,0,task_aware_active,20281310,31300,0.010582470504215718,0.006194031349085291,0.07296310404050822,False,False,False,False,-inf
2,lateral_negative,severe_degradation,0.25,2.0,1,fixed,20281311,31301,0.010947218520249486,0.006475133765177397,0.0,True,True,False,False,0.00738859350618829
2,lateral_negative,severe_degradation,0.25,2.0,1,generic_active,20281311,31301,0.010947218520249486,0.006475133765177397,0.0,True,True,False,False,0.00738859350618829
2,lateral_negative,severe_degradation,0.25,2.0,1,task_aware_active,20281311,31301,0.010380795557818637,0.006194031349085291,0.07296310404050822,True,True,False,False,0.007291248721140222
3,superior_shift,normal,1.0,1.0,0,fixed,20291010,41000,0.04016512565926583,0.026000000000000002,0.0,False,False,False,False,-inf
3,superior_shift,normal,1.0,1.0,0,generic_active,20291010,41000,0.04016512565926583,0.026000000000000002,0.0,False,False,False,False,-inf
3,superior_shift,normal,1.0,1.0,0,task_aware_active,20291010,41000,0.00454141472034366,0.003058118045019235,0.09153744774286736,True,True,False,False,0.004216022312613565
3,superior_shift,normal,1.0,1.0,1,fixed,20291011,41001,0.03615338967690299,0.026000000000000002,0.0,False,False,False,False,-inf
3,superior_shift,normal,1.0,1.0,1,generic_active,20291011,41001,0.03615338967690299,0.026000000000000002,0.0,False,False,False,False,-inf
3,superior_shift,normal,1.0,1.0,1,task_aware_active,20291011,41001,0.003734859078106837,0.003058118045019235,0.09153744774286736,True,True,False,False,0.0025695216206726972
3,superior_shift,mild_degradation,0.75,1.1547005383792517,0,fixed,20291110,41100,0.03968589974245031,0.030022213997860547,0.0,False,False,False,False,-inf
3,superior_shift,mild_degradation,0.75,1.1547005383792517,0,generic_active,20291110,41100,0.03968589974245031,0.030022213997860547,0.0,False,False,False,False,-inf
3,superior_shift,mild_degradation,0.75,1.1547005383792517,0,task_aware_active,20291110,41100,0.004147273053712628,0.0035312105530110154,0.09153744774286736,True,True,False,False,0.007266663129124764
3,superior_shift,mild_degradation,0.75,1.1547005383792517,1,fixed,20291111,41101,0.04964713702914099,0.030022213997860547,0.0,True,True,False,False,0.0031241394269238883
3,superior_shift,mild_degradation,0.75,1.1547005383792517,1,generic_active,20291111,41101,0.04964713702914099,0.030022213997860547,0.0,True,True,False,False,0.0031241394269238883
3,superior_shift,mild_degradation,0.75,1.1547005383792517,1,task_aware_active,20291111,41101,0.007045153930967494,0.0035312105530110154,0.09153744774286736,True,True,False,False,0.001547019636106572
3,superior_shift,moderate_degradation,0.5,1.414213562373095,0,fixed,20291210,41200,0.05746443018270051,0.03676955262170047,0.0,False,False,False,False,-inf
3,superior_shift,moderate_degradation,0.5,1.414213562373095,0,generic_active,20291210,41200,0.05746443018270051,0.03676955262170047,0.0,False,False,False,False,-inf
3,superior_shift,moderate_degradation,0.5,1.414213562373095,0,task_aware_active,20291210,41200,0.0067569284905697104,0.004324832014604097,0.09153744774286736,True,True,False,False,0.004443098587130439
3,superior_shift,moderate_degradation,0.5,1.414213562373095,1,fixed,20291211,41201,0.07300810452642624,0.03676955262170047,0.0,True,True,False,False,0.0050954638880664465
3,superior_shift,moderate_degradation,0.5,1.414213562373095,1,generic_active,20291211,41201,0.07300810452642624,0.03676955262170047,0.0,True,True,False,False,0.0050954638880664465
3,superior_shift,moderate_degradation,0.5,1.414213562373095,1,task_aware_active,20291211,41201,0.007590664382843005,0.004324832014604097,0.09153744774286736,True,True,False,False,0.0050954638880664465
3,superior_shift,severe_degradation,0.25,2.0,0,fixed,20291310,41300,0.042664981237490525,0.052000000000000005,0.0,False,False,False,False,-inf
3,superior_shift,severe_degradation,0.25,2.0,0,generic_active,20291310,41300,0.042664981237490525,0.052000000000000005,0.0,False,False,False,False,-inf
3,superior_shift,severe_degradation,0.25,2.0,0,task_aware_active,20291310,41300,0.007959506313482228,0.00611623609003847,0.09153744774286736,True,True,False,False,0.0052467934623954045
3,superior_shift,severe_degradation,0.25,2.0,1,fixed,20291311,41301,0.12754276037142812,0.052000000000000005,0.0,False,False,False,False,-inf
3,superior_shift,severe_degradation,0.25,2.0,1,generic_active,20291311,41301,0.12754276037142812,0.052000000000000005,0.0,False,False,False,False,-inf
3,superior_shift,severe_degradation,0.25,2.0,1,task_aware_active,20291311,41301,0.01222616273094404,0.00611623609003847,0.09153744774286736,True,True,False,False,0.0020890488556529457
4,larger_anatomy,normal,1.0,1.0,0,fixed,20301010,51000,0.04038392409954338,0.026000000000000002,0.0,False,False,False,False,-inf
4,larger_anatomy,normal,1.0,1.0,0,generic_active,20301010,51000,0.04038392409954338,0.026000000000000002,0.0,False,False,False,False,-inf
4,larger_anatomy,normal,1.0,1.0,0,task_aware_active,20301010,51000,0.004538713597044263,0.0029850468633666727,0.21213203435596428,True,True,False,False,0.002809646450930457
4,larger_anatomy,normal,1.0,1.0,1,fixed,20301011,51001,0.024886366245517634,0.026000000000000002,0.0,False,False,False,False,-inf
4,larger_anatomy,normal,1.0,1.0,1,generic_active,20301011,51001,0.024886366245517634,0.026000000000000002,0.0,False,False,False,False,-inf
4,larger_anatomy,normal,1.0,1.0,1,task_aware_active,20301011,51001,0.003973100514958964,0.0029850468633666727,0.21213203435596428,True,True,False,False,0.006310303725229045
4,larger_anatomy,mild_degradation,0.75,1.1547005383792517,0,fixed,20301110,51100,0.056679737230573395,0.030022213997860547,0.0,False,False,False,False,-inf
4,larger_anatomy,mild_degradation,0.75,1.1547005383792517,0,generic_active,20301110,51100,0.056679737230573395,0.030022213997860547,0.0,False,False,False,False,-inf
4,larger_anatomy,mild_degradation,0.75,1.1547005383792517,0,task_aware_active,20301110,51100,0.005197509013841896,0.003446835220216794,0.21213203435596428,True,True,False,False,0.003473572876753329
4,larger_anatomy,mild_degradation,0.75,1.1547005383792517,1,fixed,20301111,51101,0.04107788249122249,0.030022213997860547,0.0,False,False,False,False,-inf
4,larger_anatomy,mild_degradation,0.75,1.1547005383792517,1,generic_active,20301111,51101,0.04107788249122249,0.030022213997860547,0.0,False,False,False,False,-inf
4,larger_anatomy,mild_degradation,0.75,1.1547005383792517,1,task_aware_active,20301111,51101,0.0036701112875481712,0.003446835220216794,0.21213203435596428,True,True,False,False,0.0049454136278062315
4,larger_anatomy,moderate_degradation,0.5,1.414213562373095,0,fixed,20301210,51200,0.05165002112528504,0.03676955262170047,0.0,False,False,False,False,-inf
4,larger_anatomy,moderate_degradation,0.5,1.414213562373095,0,generic_active,20301210,51200,0.05165002112528504,0.03676955262170047,0.0,False,False,False,False,-inf
4,larger_anatomy,moderate_degradation,0.5,1.414213562373095,0,task_aware_active,20301210,51200,0.005366955240008622,0.004221493758492415,0.21213203435596428,True,True,False,False,0.009642725748445704
4,larger_anatomy,moderate_degradation,0.5,1.414213562373095,1,fixed,20301211,51201,0.06513657284001483,0.03676955262170047,0.0,False,False,False,False,-inf
4,larger_anatomy,moderate_degradation,0.5,1.414213562373095,1,generic_active,20301211,51201,0.06513657284001483,0.03676955262170047,0.0,False,False,False,False,-inf
4,larger_anatomy,moderate_degradation,0.5,1.414213562373095,1,task_aware_active,20301211,51201,0.007092099717577819,0.004221493758492415,0.21213203435596428,True,True,False,False,0.010098442268831774
4,larger_anatomy,severe_degradation,0.25,2.0,0,fixed,20301310,51300,0.07406221442935677,0.052000000000000005,0.0,False,False,False,False,-inf
4,larger_anatomy,severe_degradation,0.25,2.0,0,generic_active,20301310,51300,0.07406221442935677,0.052000000000000005,0.0,False,False,False,False,-inf
4,larger_anatomy,severe_degradation,0.25,2.0,0,task_aware_active,20301310,51300,0.008722134090236795,0.0059700937267333455,0.21213203435596428,True,True,False,False,0.003997918261407446
4,larger_anatomy,severe_degradation,0.25,2.0,1,fixed,20301311,51301,0.083819284250496,0.052000000000000005,0.0,False,False,False,False,-inf
4,larger_anatomy,severe_degradation,0.25,2.0,1,generic_active,20301311,51301,0.083819284250496,0.052000000000000005,0.0,False,False,False,False,-inf
4,larger_anatomy,severe_degradation,0.25,2.0,1,task_aware_active,20301311,51301,0.008545820777629774,0.0059700937267333455,0.21213203435596428,True,True,False,False,0.007159826689227175
5,smaller_anatomy,normal,1.0,1.0,0,fixed,20311010,61000,0.008109355254497198,0.0030015377255648884,0.0,True,True,False,False,0.0059654349422883345
5,smaller_anatomy,normal,1.0,1.0,0,generic_active,20311010,61000,0.008109355254497198,0.0030015377255648884,0.0,True,True,False,False,0.0059654349422883345
5,smaller_anatomy,normal,1.0,1.0,0,task_aware_active,20311010,61000,0.008109355254497198,0.0030015377255648884,0.0,True,True,False,False,0.0059654349422883345
5,smaller_anatomy,normal,1.0,1.0,1,fixed,20311011,61001,0.006437733244430687,0.0030015377255648884,0.0,True,True,False,False,0.004389605166387719
5,smaller_anatomy,normal,1.0,1.0,1,generic_active,20311011,61001,0.006437733244430687,0.0030015377255648884,0.0,True,True,False,False,0.004389605166387719
5,smaller_anatomy,normal,1.0,1.0,1,task_aware_active,20311011,61001,0.006437733244430687,0.0030015377255648884,0.0,True,True,False,False,0.004389605166387719
5,smaller_anatomy,mild_degradation,0.75,1.1547005383792517,0,fixed,20311110,61100,0.0033733681730944124,0.0034658772276754115,0.0,True,True,False,False,0.009579360911209886
5,smaller_anatomy,mild_degradation,0.75,1.1547005383792517,0,generic_active,20311110,61100,0.0033733681730944124,0.0034658772276754115,0.0,True,True,False,False,0.009579360911209886
5,smaller_anatomy,mild_degradation,0.75,1.1547005383792517,0,task_aware_active,20311110,61100,0.0033733681730944124,0.0034658772276754115,0.0,True,True,False,False,0.009579360911209886
5,smaller_anatomy,mild_degradation,0.75,1.1547005383792517,1,fixed,20311111,61101,0.005293552683984859,0.0034658772276754115,0.0,True,True,False,False,0.005558285853471156
5,smaller_anatomy,mild_degradation,0.75,1.1547005383792517,1,generic_active,20311111,61101,0.005293552683984859,0.0034658772276754115,0.0,True,True,False,False,0.005558285853471156
5,smaller_anatomy,mild_degradation,0.75,1.1547005383792517,1,task_aware_active,20311111,61101,0.005293552683984859,0.0034658772276754115,0.0,True,True,False,False,0.005558285853471156
5,smaller_anatomy,moderate_degradation,0.5,1.414213562373095,0,fixed,20311210,61200,0.006299777527077877,0.004244815359468359,0.0,True,True,False,False,0.006623683964387726
5,smaller_anatomy,moderate_degradation,0.5,1.414213562373095,0,generic_active,20311210,61200,0.006299777527077877,0.004244815359468359,0.0,True,True,False,False,0.006623683964387726
5,smaller_anatomy,moderate_degradation,0.5,1.414213562373095,0,task_aware_active,20311210,61200,0.006299777527077877,0.004244815359468359,0.0,True,True,False,False,0.006623683964387726
5,smaller_anatomy,moderate_degradation,0.5,1.414213562373095,1,fixed,20311211,61201,0.010182370520720815,0.004244815359468359,0.0,True,False,False,True,-0.0005903890249132158
5,smaller_anatomy,moderate_degradation,0.5,1.414213562373095,1,generic_active,20311211,61201,0.010182370520720815,0.004244815359468359,0.0,True,False,False,True,-0.0005903890249132158
5,smaller_anatomy,moderate_degradation,0.5,1.414213562373095,1,task_aware_active,20311211,61201,0.010182370520720815,0.004244815359468359,0.0,True,False,False,True,-0.0005903890249132158
5,smaller_anatomy,severe_degradation,0.25,2.0,0,fixed,20311310,61300,0.007255416808858258,0.006003075451129777,0.0,True,True,False,False,0.004084640301608189
5,smaller_anatomy,severe_degradation,0.25,2.0,0,generic_active,20311310,61300,0.007255416808858258,0.006003075451129777,0.0,True,True,False,False,0.004084640301608189
5,smaller_anatomy,severe_degradation,0.25,2.0,0,task_aware_active,20311310,61300,0.007255416808858258,0.006003075451129777,0.0,True,True,False,False,0.004084640301608189
5,smaller_anatomy,severe_degradation,0.25,2.0,1,fixed,20311311,61301,0.00957250244874391,0.006003075451129777,0.0,True,True,False,False,0.014555057098181117
5,smaller_anatomy,severe_degradation,0.25,2.0,1,generic_active,20311311,61301,0.00957250244874391,0.006003075451129777,0.0,True,True,False,False,0.014555057098181117
5,smaller_anatomy,severe_degradation,0.25,2.0,1,task_aware_active,20311311,61301,0.00957250244874391,0.006003075451129777,0.0,True,True,False,False,0.014555057098181117
6,larger_safety_margin,normal,1.0,1.0,0,fixed,20321010,71000,0.004519464582043567,0.0032602422452589464,0.0,True,True,False,False,0.0061731283762425145
6,larger_safety_margin,normal,1.0,1.0,0,generic_active,20321010,71000,0.004519464582043567,0.0032602422452589464,0.0,True,True,False,False,0.0061731283762425145
6,larger_safety_margin,normal,1.0,1.0,0,task_aware_active,20321010,71000,0.004302541675742203,0.003117711648907182,0.07764571353075626,True,True,False,False,0.0061731283762425145
6,larger_safety_margin,normal,1.0,1.0,1,fixed,20321011,71001,0.006250392315009384,0.0032602422452589464,0.0,True,True,False,False,0.004678512860936656
6,larger_safety_margin,normal,1.0,1.0,1,generic_active,20321011,71001,0.006250392315009384,0.0032602422452589464,0.0,True,True,False,False,0.004678512860936656
6,larger_safety_margin,normal,1.0,1.0,1,task_aware_active,20321011,71001,0.005961223649705845,0.003117711648907182,0.07764571353075626,True,True,False,False,0.007368581579385537
6,larger_safety_margin,mild_degradation,0.75,1.1547005383792517,0,fixed,20321110,71100,0.006923928403932257,0.003764603475847286,0.0,True,True,False,False,0.005346156649556516
6,larger_safety_margin,mild_degradation,0.75,1.1547005383792517,0,generic_active,20321110,71100,0.006923928403932257,0.003764603475847286,0.0,True,True,False,False,0.005346156649556516
6,larger_safety_margin,mild_degradation,0.75,1.1547005383792517,0,task_aware_active,20321110,71100,0.006570790318750059,0.0036000233195043873,0.07764571353075626,True,True,False,False,0.0056900060755202455
6,larger_safety_margin,mild_degradation,0.75,1.1547005383792517,1,fixed,20321111,71101,0.008420446514052857,0.003764603475847286,0.0,True,True,False,False,0.0034561763254812774
6,larger_safety_margin,mild_degradation,0.75,1.1547005383792517,1,generic_active,20321111,71101,0.008420446514052857,0.003764603475847286,0.0,True,True,False,False,0.0034561763254812774
6,larger_safety_margin,mild_degradation,0.75,1.1547005383792517,1,task_aware_active,20321111,71101,0.008035921260309217,0.0036000233195043873,0.07764571353075626,True,True,False,False,0.004524298610244086
6,larger_safety_margin,moderate_degradation,0.5,1.414213562373095,0,fixed,20321210,71200,0.010179001688342591,0.004610678799866912,0.0,True,True,False,False,0.00422050545257485
6,larger_safety_margin,moderate_degradation,0.5,1.414213562373095,0,generic_active,20321210,71200,0.010179001688342591,0.004610678799866912,0.0,True,True,False,False,0.00422050545257485
6,larger_safety_margin,moderate_degradation,0.5,1.414213562373095,0,task_aware_active,20321210,71200,0.009666922296467805,0.004409110097453121,0.07764571353075626,True,True,False,False,0.0011305484365912496
6,larger_safety_margin,moderate_degradation,0.5,1.414213562373095,1,fixed,20321211,71201,0.004663666052164091,0.004610678799866912,0.0,True,True,False,False,0.0073520729329416955
6,larger_safety_margin,moderate_degradation,0.5,1.414213562373095,1,generic_active,20321211,71201,0.004663666052164091,0.004610678799866912,0.0,True,True,False,False,0.0073520729329416955
6,larger_safety_margin,moderate_degradation,0.5,1.414213562373095,1,task_aware_active,20321211,71201,0.004533252814012787,0.004409110097453121,0.07764571353075626,True,True,False,False,0.009376614414348011
6,larger_safety_margin,severe_degradation,0.25,2.0,0,fixed,20321310,71300,0.008748091927275839,0.006520484490517893,0.0,True,True,False,False,0.008067870488678712
6,larger_safety_margin,severe_degradation,0.25,2.0,0,generic_active,20321310,71300,0.008748091927275839,0.006520484490517893,0.0,True,True,False,False,0.008067870488678712
6,larger_safety_margin,severe_degradation,0.25,2.0,0,task_aware_active,20321310,71300,0.008323219059946048,0.006235423297814364,0.07764571353075626,True,True,False,False,0.008575822678929089
6,larger_safety_margin,severe_degradation,0.25,2.0,1,fixed,20321311,71301,0.007478939800193195,0.006520484490517893,0.0,True,True,False,False,0.012013610288980582
6,larger_safety_margin,severe_degradation,0.25,2.0,1,generic_active,20321311,71301,0.007478939800193195,0.006520484490517893,0.0,True,True,False,False,0.012013610288980582
6,larger_safety_margin,severe_degradation,0.25,2.0,1,task_aware_active,20321311,71301,0.007279433603787175,0.006235423297814364,0.07764571353075626,True,True,False,False,0.012112950459931491
7,partial_occlusion,normal,1.0,1.0,0,fixed,20331010,81000,0.035049664110094074,0.03,0.0,False,False,False,False,-inf
7,partial_occlusion,normal,1.0,1.0,0,generic_active,20331010,81000,0.003323586034269896,0.002908244629945234,0.0520944533000791,True,True,False,False,0.005915360146042789
7,partial_occlusion,normal,1.0,1.0,0,task_aware_active,20331010,81000,0.003323586034269896,0.002908244629945234,0.0520944533000791,True,True,False,False,0.005915360146042789
7,partial_occlusion,normal,1.0,1.0,1,fixed,20331011,81001,0.060350383876892386,0.03,0.0,False,False,False,False,-inf
7,partial_occlusion,normal,1.0,1.0,1,generic_active,20331011,81001,0.006339008532223467,0.002908244629945234,0.0520944533000791,True,True,False,False,0.004345999773207805
7,partial_occlusion,normal,1.0,1.0,1,task_aware_active,20331011,81001,0.006339008532223467,0.002908244629945234,0.0520944533000791,True,True,False,False,0.004345999773207805
7,partial_occlusion,mild_degradation,0.75,1.1547005383792517,0,fixed,20331110,81100,0.05032495900127189,0.034641016151377546,0.0,False,False,False,False,-inf
7,partial_occlusion,mild_degradation,0.75,1.1547005383792517,0,generic_active,20331110,81100,0.0048654471771250075,0.00335815163993633,0.0520944533000791,True,True,False,False,0.006748492036369088
7,partial_occlusion,mild_degradation,0.75,1.1547005383792517,0,task_aware_active,20331110,81100,0.0048654471771250075,0.00335815163993633,0.0520944533000791,True,True,False,False,0.006748492036369088
7,partial_occlusion,mild_degradation,0.75,1.1547005383792517,1,fixed,20331111,81101,0.06183336007875104,0.034641016151377546,0.0,False,False,False,False,-inf
7,partial_occlusion,mild_degradation,0.75,1.1547005383792517,1,generic_active,20331111,81101,0.005852453214980676,0.00335815163993633,0.0520944533000791,True,True,False,False,0.0037111146930689422
7,partial_occlusion,mild_degradation,0.75,1.1547005383792517,1,task_aware_active,20331111,81101,0.005852453214980676,0.00335815163993633,0.0520944533000791,True,True,False,False,0.0037111146930689422
7,partial_occlusion,moderate_degradation,0.5,1.414213562373095,0,fixed,20331210,81200,0.06394242580265085,0.04242640687119285,0.0,False,False,False,False,-inf
7,partial_occlusion,moderate_degradation,0.5,1.414213562373095,0,generic_active,20331210,81200,0.006136725901251585,0.004112878998367273,0.0520944533000791,True,True,False,False,0.008596306602484885
7,partial_occlusion,moderate_degradation,0.5,1.414213562373095,0,task_aware_active,20331210,81200,0.006136725901251585,0.004112878998367273,0.0520944533000791,True,True,False,False,0.008596306602484885
7,partial_occlusion,moderate_degradation,0.5,1.414213562373095,1,fixed,20331211,81201,0.12000149837103777,0.04242640687119285,0.0,True,False,True,True,-0.018775736607887804
7,partial_occlusion,moderate_degradation,0.5,1.414213562373095,1,generic_active,20331211,81201,0.011105600141917733,0.004112878998367273,0.0520944533000791,True,False,False,True,-0.0015355353402532069
7,partial_occlusion,moderate_degradation,0.5,1.414213562373095,1,task_aware_active,20331211,81201,0.011105600141917733,0.004112878998367273,0.0520944533000791,True,False,False,True,-0.0015355353402532069
7,partial_occlusion,severe_degradation,0.25,2.0,0,fixed,20331310,81300,0.08351107411446401,0.06,0.0,False,False,False,False,-inf
7,partial_occlusion,severe_degradation,0.25,2.0,0,generic_active,20331310,81300,0.008377561688764424,0.005816489259890468,0.0520944533000791,True,True,False,False,0.014611943309834145
7,partial_occlusion,severe_degradation,0.25,2.0,0,task_aware_active,20331310,81300,0.008377561688764424,0.005816489259890468,0.0520944533000791,True,True,False,False,0.014611943309834145
7,partial_occlusion,severe_degradation,0.25,2.0,1,fixed,20331311,81301,0.09333149313699116,0.06,0.0,False,False,False,False,-inf
7,partial_occlusion,severe_degradation,0.25,2.0,1,generic_active,20331311,81301,0.009353236866700337,0.005816489259890468,0.0520944533000791,True,True,False,False,0.006766690371323441
7,partial_occlusion,severe_degradation,0.25,2.0,1,task_aware_active,20331311,81301,0.009353236866700337,0.005816489259890468,0.0520944533000791,True,True,False,False,0.006766690371323441
8,strong_occlusion,normal,1.0,1.0,0,fixed,20341010,91000,0.08146286677094083,0.04,0.0,False,False,False,False,-inf
8,strong_occlusion,normal,1.0,1.0,0,generic_active,20341010,91000,0.03748357903242472,0.026000000000000002,0.0520944533000791,False,False,False,False,-inf
8,strong_occlusion,normal,1.0,1.0,0,task_aware_active,20341010,91000,0.005742736051773752,0.0028937038504406277,0.24413930440481207,True,True,False,False,0.004975167701469501
8,strong_occlusion,normal,1.0,1.0,1,fixed,20341011,91001,0.07676347289295214,0.04,0.0,False,False,False,False,-inf
8,strong_occlusion,normal,1.0,1.0,1,generic_active,20341011,91001,0.04901748100325411,0.026000000000000002,0.0520944533000791,False,False,False,False,-inf
8,strong_occlusion,normal,1.0,1.0,1,task_aware_active,20341011,91001,0.0055447182879237505,0.0028937038504406277,0.24413930440481207,True,True,False,False,0.0009652455580210616
8,strong_occlusion,mild_degradation,0.75,1.1547005383792517,0,fixed,20341110,91100,0.0719296544982373,0.04618802153517007,0.0,False,False,False,False,-inf
8,strong_occlusion,mild_degradation,0.75,1.1547005383792517,0,generic_active,20341110,91100,0.04998569448615876,0.030022213997860547,0.0520944533000791,False,False,False,False,-inf
8,strong_occlusion,mild_degradation,0.75,1.1547005383792517,0,task_aware_active,20341110,91100,0.005235020195281722,0.0033413613940139067,0.24413930440481207,True,True,False,False,0.003824566252296607
8,strong_occlusion,mild_degradation,0.75,1.1547005383792517,1,fixed,20341111,91101,0.07604262649096558,0.04618802153517007,0.0,False,False,False,False,-inf
8,strong_occlusion,mild_degradation,0.75,1.1547005383792517,1,generic_active,20341111,91101,0.050174362723578815,0.030022213997860547,0.0520944533000791,False,False,False,False,-inf
8,strong_occlusion,mild_degradation,0.75,1.1547005383792517,1,task_aware_active,20341111,91101,0.005508386108133709,0.0033413613940139067,0.24413930440481207,True,True,False,False,0.007509481057923149
8,strong_occlusion,moderate_degradation,0.5,1.414213562373095,0,fixed,20341210,91200,0.09128645614283756,0.056568542494923796,0.0,False,False,False,False,-inf
8,strong_occlusion,moderate_degradation,0.5,1.414213562373095,0,generic_active,20341210,91200,0.06774572059733346,0.03676955262170047,0.0520944533000791,False,False,False,False,-inf
8,strong_occlusion,moderate_degradation,0.5,1.414213562373095,0,task_aware_active,20341210,91200,0.006685725298107181,0.004092315230784381,0.24413930440481207,True,True,False,False,0.008156766717986734
8,strong_occlusion,moderate_degradation,0.5,1.414213562373095,1,fixed,20341211,91201,0.09359249532028471,0.056568542494923796,0.0,False,False,False,False,-inf
8,strong_occlusion,moderate_degradation,0.5,1.414213562373095,1,generic_active,20341211,91201,0.08065524820912111,0.03676955262170047,0.0520944533000791,False,False,False,False,-inf
8,strong_occlusion,moderate_degradation,0.5,1.414213562373095,1,task_aware_active,20341211,91201,0.006963577201133084,0.004092315230784381,0.24413930440481207,True,True,False,False,0.0007087932109351904
8,strong_occlusion,severe_degradation,0.25,2.0,0,fixed,20341310,91300,0.12555966279773764,0.08,0.0,False,False,False,False,-inf
8,strong_occlusion,severe_degradation,0.25,2.0,0,generic_active,20341310,91300,0.09476705677835474,0.052000000000000005,0.0520944533000791,False,False,False,False,-inf
8,strong_occlusion,severe_degradation,0.25,2.0,0,task_aware_active,20341310,91300,0.009211295538074028,0.005787407700881255,0.24413930440481207,True,True,False,False,0.009758082444651995
8,strong_occlusion,severe_degradation,0.25,2.0,1,fixed,20341311,91301,0.20515635867873672,0.08,0.0,False,False,False,False,-inf
8,strong_occlusion,severe_degradation,0.25,2.0,1,generic_active,20341311,91301,0.1274963183829326,0.052000000000000005,0.0520944533000791,False,False,False,False,-inf
8,strong_occlusion,severe_degradation,0.25,2.0,1,task_aware_active,20341311,91301,0.014784570447440725,0.005787407700881255,0.24413930440481207,True,False,False,True,-0.0008493869236247693
9,combined_variation,normal,1.0,1.0,0,fixed,20351010,101000,0.015600980966104242,0.017288736991528685,0.0,False,False,False,False,-inf
9,combined_variation,normal,1.0,1.0,0,generic_active,20351010,101000,0.005621477804826057,0.0032740470248614974,0.0520944533000791,True,True,False,False,0.0053672420273670595
9,combined_variation,normal,1.0,1.0,0,task_aware_active,20351010,101000,0.005032979882629461,0.003001537725564889,0.15000000000000002,True,True,False,False,0.0008496004404503748
9,combined_variation,normal,1.0,1.0,1,fixed,20351011,101001,0.02446521131640531,0.017288736991528685,0.0,False,False,False,False,-inf
9,combined_variation,normal,1.0,1.0,1,generic_active,20351011,101001,0.0066351336547485614,0.0032740470248614974,0.0520944533000791,True,True,False,False,0.0055184306328903195
9,combined_variation,normal,1.0,1.0,1,task_aware_active,20351011,101001,0.005992337567882167,0.003001537725564889,0.15000000000000002,True,True,False,False,0.00415380984089545
9,combined_variation,mild_degradation,0.75,1.1547005383792517,0,fixed,20351110,101100,0.025838246713373668,0.019963313912015456,0.0,False,False,False,False,-inf
9,combined_variation,mild_degradation,0.75,1.1547005383792517,0,generic_active,20351110,101100,0.004268816254257081,0.003780543862286559,0.0520944533000791,True,True,False,False,0.007092991782996943
9,combined_variation,mild_degradation,0.75,1.1547005383792517,0,task_aware_active,20351110,101100,0.003941739711962643,0.003465877227675412,0.15000000000000002,True,True,False,False,0.005755202084282316
9,combined_variation,mild_degradation,0.75,1.1547005383792517,1,fixed,20351111,101101,0.008001360276369107,0.019963313912015456,0.0,False,False,False,False,-inf
9,combined_variation,mild_degradation,0.75,1.1547005383792517,1,generic_active,20351111,101101,0.0012233708918259582,0.003780543862286559,0.0520944533000791,True,True,False,False,0.004800326099862603
9,combined_variation,mild_degradation,0.75,1.1547005383792517,1,task_aware_active,20351111,101101,0.0011347448819092937,0.003465877227675412,0.15000000000000002,True,True,False,False,0.004800326099862603
9,combined_variation,moderate_degradation,0.5,1.414213562373095,0,fixed,20351210,101200,0.030040778444572012,0.024449966329721285,0.0,False,False,False,False,-inf
9,combined_variation,moderate_degradation,0.5,1.414213562373095,0,generic_active,20351210,101200,0.005657524071962431,0.004630201706406411,0.0520944533000791,True,True,False,False,0.007755323689975778
9,combined_variation,moderate_degradation,0.5,1.414213562373095,0,task_aware_active,20351210,101200,0.0051880519404539725,0.004244815359468359,0.15000000000000002,True,True,False,False,0.003202965647424753
9,combined_variation,moderate_degradation,0.5,1.414213562373095,1,fixed,20351211,101201,0.06535604775067119,0.024449966329721285,0.0,False,False,False,False,-inf
9,combined_variation,moderate_degradation,0.5,1.414213562373095,1,generic_active,20351211,101201,0.008590436027399364,0.004630201706406411,0.0520944533000791,True,True,False,False,0.005762497089363659
9,combined_variation,moderate_degradation,0.5,1.414213562373095,1,task_aware_active,20351211,101201,0.008046645820820854,0.004244815359468359,0.15000000000000002,True,True,False,False,0.005762497089363659
9,combined_variation,severe_degradation,0.25,2.0,0,fixed,20351310,101300,0.06285306242713457,0.03457747398305737,0.0,False,False,False,False,-inf
9,combined_variation,severe_degradation,0.25,2.0,0,generic_active,20351310,101300,0.014478033783005165,0.006548094049722995,0.0520944533000791,True,True,False,False,0.005247257932612491
9,combined_variation,severe_degradation,0.25,2.0,0,task_aware_active,20351310,101300,0.013156527265359506,0.006003075451129778,0.15000000000000002,True,True,False,False,0.0047379182875399144
9,combined_variation,severe_degradation,0.25,2.0,1,fixed,20351311,101301,0.05583400412877499,0.03457747398305737,0.0,False,False,False,False,-inf
9,combined_variation,severe_degradation,0.25,2.0,1,generic_active,20351311,101301,0.012345482758862943,0.006548094049722995,0.0520944533000791,True,True,False,False,0.000529062369821932
9,combined_variation,severe_degradation,0.25,2.0,1,task_aware_active,20351311,101301,0.011237801515612286,0.006003075451129778,0.15000000000000002,True,True,False,False,0.000529062369821932
