scenario_id,scenario_name,repetition,strategy,execution_position,perception_seed,planner_seed,camera_movement,planning_success,safe_navigation_success,collision_against_truth,safety_violation_against_truth,planning_time_seconds,iterations,path_cost
0,baseline,0,fixed,0,20261020,13000,0.0,False,False,False,False,0.0002171999999518448,0,inf
0,baseline,0,generic_active,1,20261020,13000,0.0,False,False,False,False,0.00017580000007910712,0,inf
0,baseline,0,task_aware_active,2,20261020,13000,0.1993389073166024,True,True,False,False,1.2470040999999128,325,2.6482983348653244
0,baseline,1,generic_active,0,20261021,13001,0.0,False,False,False,False,0.00017350000007354538,0,inf
0,baseline,1,task_aware_active,1,20261021,13001,0.1993389073166024,True,True,False,False,1.8522554999999556,410,3.1134182327553463
0,baseline,1,fixed,2,20261021,13001,0.0,False,False,False,False,0.00021679999986190523,0,inf
0,baseline,2,task_aware_active,0,20261022,13002,0.1993389073166024,True,True,False,False,1.4050810999999612,367,2.4799638952156036
0,baseline,2,fixed,1,20261022,13002,0.0,False,False,False,False,0.00015260000009220676,0,inf
0,baseline,2,generic_active,2,20261022,13002,0.0,False,False,False,False,0.0001396999998632964,0,inf
0,baseline,3,fixed,0,20261023,13003,0.0,False,False,False,False,0.0001646999999138643,0,inf
0,baseline,3,generic_active,1,20261023,13003,0.0,False,False,False,False,0.00013699999999516876,0,inf
0,baseline,3,task_aware_active,2,20261023,13003,0.1993389073166024,True,True,False,False,1.577033799999981,392,2.3946839306828007
0,baseline,4,generic_active,0,20261024,13004,0.0,False,False,False,False,0.00022949999993215897,0,inf
0,baseline,4,task_aware_active,1,20261024,13004,0.1993389073166024,True,True,False,False,1.2644582000002629,406,2.7943401715684666
0,baseline,4,fixed,2,20261024,13004,0.0,False,False,False,False,0.0001330000000052678,0,inf
1,lateral_positive,0,task_aware_active,0,20262020,14000,0.0,True,True,False,False,0.41183760000012626,125,2.515793279070608
1,lateral_positive,0,fixed,1,20262020,14000,0.0,True,True,False,False,0.43748329999971247,125,2.515793279070608
1,lateral_positive,0,generic_active,2,20262020,14000,0.0,True,True,False,False,0.4240503000000899,125,2.515793279070608
1,lateral_positive,1,fixed,0,20262021,14001,0.0,True,False,False,True,0.5469242999997732,174,2.2475827928623167
1,lateral_positive,1,generic_active,1,20262021,14001,0.0,True,False,False,True,0.5519155000001774,174,2.2475827928623167
1,lateral_positive,1,task_aware_active,2,20262021,14001,0.0,True,False,False,True,0.5364720000002308,174,2.2475827928623167
1,lateral_positive,2,generic_active,0,20262022,14002,0.0,True,True,False,False,2.3017832999998973,609,2.9156735610225
1,lateral_positive,2,task_aware_active,1,20262022,14002,0.0,True,True,False,False,2.26856429999998,609,2.9156735610225
1,lateral_positive,2,fixed,2,20262022,14002,0.0,True,True,False,False,2.4631105000003117,609,2.9156735610225
1,lateral_positive,3,task_aware_active,0,20262023,14003,0.0,True,True,False,False,1.5094748000001346,421,2.722025470623003
1,lateral_positive,3,fixed,1,20262023,14003,0.0,True,True,False,False,1.5199867999999697,421,2.722025470623003
1,lateral_positive,3,generic_active,2,20262023,14003,0.0,True,True,False,False,2.0421503000002303,421,2.722025470623003
1,lateral_positive,4,fixed,0,20262024,14004,0.0,True,True,False,False,1.2054401999998845,256,2.606463269568166
1,lateral_positive,4,generic_active,1,20262024,14004,0.0,True,True,False,False,1.2508249999996224,256,2.606463269568166
1,lateral_positive,4,task_aware_active,2,20262024,14004,0.0,True,True,False,False,1.1359745999998268,256,2.606463269568166
2,lateral_negative,0,generic_active,0,20263020,15000,0.0,True,False,False,True,0.5301058000000012,124,2.18165275581383
2,lateral_negative,0,task_aware_active,1,20263020,15000,0.07296310404050822,True,False,False,True,0.5153551000003063,124,2.18165275581383
2,lateral_negative,0,fixed,2,20263020,15000,0.0,True,False,False,True,0.5015666999997848,124,2.18165275581383
2,lateral_negative,1,task_aware_active,0,20263021,15001,0.07296310404050822,True,True,False,False,1.4192987999999787,397,2.5311628242039523
2,lateral_negative,1,fixed,1,20263021,15001,0.0,True,True,False,False,1.2956951999999546,397,2.5311628242039523
2,lateral_negative,1,generic_active,2,20263021,15001,0.0,True,True,False,False,1.2219061999999212,397,2.5311628242039523
2,lateral_negative,2,fixed,0,20263022,15002,0.0,True,True,False,False,0.5336630000001605,175,2.511172354567997
2,lateral_negative,2,generic_active,1,20263022,15002,0.0,True,True,False,False,0.5226542000000336,175,2.511172354567997
2,lateral_negative,2,task_aware_active,2,20263022,15002,0.07296310404050822,True,True,False,False,0.5636139000002913,175,2.518489552472648
2,lateral_negative,3,generic_active,0,20263023,15003,0.0,True,True,False,False,0.8797656000001552,249,2.2643532285455903
2,lateral_negative,3,task_aware_active,1,20263023,15003,0.07296310404050822,True,True,False,False,0.8297228000001269,249,2.2146846093247325
2,lateral_negative,3,fixed,2,20263023,15003,0.0,True,True,False,False,0.8147587999997086,249,2.2643532285455903
2,lateral_negative,4,task_aware_active,0,20263024,15004,0.07296310404050822,True,True,False,False,1.3345417999998972,429,2.525021863811053
2,lateral_negative,4,fixed,1,20263024,15004,0.0,True,True,False,False,1.3047907000000123,424,2.487058761954402
2,lateral_negative,4,generic_active,2,20263024,15004,0.0,True,True,False,False,1.469348500000251,424,2.487058761954402
3,superior_shift,0,fixed,0,20264020,16000,0.0,True,True,False,False,2.1414873000003354,580,3.0338312313565403
3,superior_shift,0,generic_active,1,20264020,16000,0.0,True,True,False,False,2.580391700000291,580,3.0338312313565403
3,superior_shift,0,task_aware_active,2,20264020,16000,0.09153744774286736,True,True,False,False,1.3681221000001642,293,1.859949735281535
3,superior_shift,1,generic_active,0,20264021,16001,0.0,False,False,False,False,0.00018679999993764795,0,inf
3,superior_shift,1,task_aware_active,1,20264021,16001,0.09153744774286736,True,True,False,False,1.3739634000003207,290,2.4680796263882456
3,superior_shift,1,fixed,2,20264021,16001,0.0,False,False,False,False,0.00017309999975623214,0,inf
3,superior_shift,2,task_aware_active,0,20264022,16002,0.09153744774286736,True,True,False,False,1.2430081000002247,238,2.191147489486867
3,superior_shift,2,fixed,1,20264022,16002,0.0,True,False,False,True,1.072795000000042,238,2.021033918370257
3,superior_shift,2,generic_active,2,20264022,16002,0.0,True,False,False,True,1.0273592999997163,238,2.021033918370257
3,superior_shift,3,fixed,0,20264023,16003,0.0,False,False,False,False,0.0001967999996850267,0,inf
3,superior_shift,3,generic_active,1,20264023,16003,0.0,False,False,False,False,0.00015730000041003223,0,inf
3,superior_shift,3,task_aware_active,2,20264023,16003,0.09153744774286736,True,True,False,False,2.3398682000001827,552,3.225221475196954
3,superior_shift,4,generic_active,0,20264024,16004,0.0,False,False,False,False,0.00015129999974305974,0,inf
3,superior_shift,4,task_aware_active,1,20264024,16004,0.09153744774286736,True,True,False,False,0.9583435999998073,305,2.445487767726962
3,superior_shift,4,fixed,2,20264024,16004,0.0,False,False,False,False,0.000252700000146433,0,inf
4,larger_anatomy,0,task_aware_active,0,20265020,17000,0.21213203435596428,True,True,False,False,0.5616761000001134,176,2.4693401514137165
4,larger_anatomy,0,fixed,1,20265020,17000,0.0,False,False,False,False,0.00013100000023769098,0,inf
4,larger_anatomy,0,generic_active,2,20265020,17000,0.0,False,False,False,False,0.0001222000000780099,0,inf
4,larger_anatomy,1,fixed,0,20265021,17001,0.0,False,False,False,False,0.00014699999974254752,0,inf
4,larger_anatomy,1,generic_active,1,20265021,17001,0.0,False,False,False,False,0.00012479999986680923,0,inf
4,larger_anatomy,1,task_aware_active,2,20265021,17001,0.21213203435596428,True,True,False,False,1.5366830000002665,489,2.649322917414149
4,larger_anatomy,2,generic_active,0,20265022,17002,0.0,False,False,False,False,0.00017729999990478973,0,inf
4,larger_anatomy,2,task_aware_active,1,20265022,17002,0.21213203435596428,True,True,False,False,0.7189373000001069,191,2.196298672863227
4,larger_anatomy,2,fixed,2,20265022,17002,0.0,False,False,False,False,0.00013450000005832408,0,inf
4,larger_anatomy,3,task_aware_active,0,20265023,17003,0.21213203435596428,True,False,False,True,0.35551170000007914,120,2.5338705473824437
4,larger_anatomy,3,fixed,1,20265023,17003,0.0,False,False,False,False,0.0001336000000264903,0,inf
4,larger_anatomy,3,generic_active,2,20265023,17003,0.0,False,False,False,False,0.00012229999992996454,0,inf
4,larger_anatomy,4,fixed,0,20265024,17004,0.0,False,False,False,False,0.00015859999984968454,0,inf
4,larger_anatomy,4,generic_active,1,20265024,17004,0.0,False,False,False,False,0.00013939999962531147,0,inf
4,larger_anatomy,4,task_aware_active,2,20265024,17004,0.21213203435596428,True,True,False,False,0.7075152000002163,243,2.859616159152275
5,smaller_anatomy,0,generic_active,0,20266020,18000,0.0,True,True,False,False,0.787475799999811,233,2.513927107572972
5,smaller_anatomy,0,task_aware_active,1,20266020,18000,0.0,True,True,False,False,0.7423709999998209,233,2.513927107572972
5,smaller_anatomy,0,fixed,2,20266020,18000,0.0,True,True,False,False,0.7343071999998756,233,2.513927107572972
5,smaller_anatomy,1,task_aware_active,0,20266021,18001,0.0,True,True,False,False,0.735270500000297,221,2.2976589357408623
5,smaller_anatomy,1,fixed,1,20266021,18001,0.0,True,True,False,False,0.8658143000002383,221,2.2976589357408623
5,smaller_anatomy,1,generic_active,2,20266021,18001,0.0,True,True,False,False,1.038485799999762,221,2.2976589357408623
5,smaller_anatomy,2,fixed,0,20266022,18002,0.0,True,True,False,False,1.265071099999659,260,2.1494510384800574
5,smaller_anatomy,2,generic_active,1,20266022,18002,0.0,True,True,False,False,0.8962585999997827,260,2.1494510384800574
5,smaller_anatomy,2,task_aware_active,2,20266022,18002,0.0,True,True,False,False,0.9782796999998027,260,2.1494510384800574
5,smaller_anatomy,3,generic_active,0,20266023,18003,0.0,True,True,False,False,1.4911968999999772,287,2.441415595006953
5,smaller_anatomy,3,task_aware_active,1,20266023,18003,0.0,True,True,False,False,1.4549000000001797,287,2.441415595006953
5,smaller_anatomy,3,fixed,2,20266023,18003,0.0,True,True,False,False,1.4231414999999288,287,2.441415595006953
5,smaller_anatomy,4,task_aware_active,0,20266024,18004,0.0,True,True,False,False,1.309625600000345,322,3.0751731551531205
5,smaller_anatomy,4,fixed,1,20266024,18004,0.0,True,True,False,False,1.3572532000002866,322,3.0751731551531205
5,smaller_anatomy,4,generic_active,2,20266024,18004,0.0,True,True,False,False,1.1651136000000406,322,3.0751731551531205
6,larger_safety_margin,0,fixed,0,20267020,19000,0.0,True,True,False,False,1.524351900000056,432,3.0383284336353173
6,larger_safety_margin,0,generic_active,1,20267020,19000,0.0,True,True,False,False,1.3928107000001546,432,3.0383284336353173
6,larger_safety_margin,0,task_aware_active,2,20267020,19000,0.07764571353075626,True,True,False,False,1.4009761000002072,432,3.0383284336353173
6,larger_safety_margin,1,generic_active,0,20267021,19001,0.0,True,True,False,False,0.7501296999998885,232,2.5181003759862675
6,larger_safety_margin,1,task_aware_active,1,20267021,19001,0.07764571353075626,True,True,False,False,1.4019204999999602,412,2.6146189668510322
6,larger_safety_margin,1,fixed,2,20267021,19001,0.0,True,True,False,False,0.7453737000000729,232,2.5181003759862675
6,larger_safety_margin,2,task_aware_active,0,20267022,19002,0.07764571353075626,True,True,False,False,1.5879785000001903,498,2.8024822322348695
6,larger_safety_margin,2,fixed,1,20267022,19002,0.0,True,True,False,False,1.858414299999822,549,2.8008167884473654
6,larger_safety_margin,2,generic_active,2,20267022,19002,0.0,True,True,False,False,2.1513475000001563,549,2.8008167884473654
6,larger_safety_margin,3,fixed,0,20267023,19003,0.0,True,True,False,False,0.9840383000000656,258,2.4341087485385686
6,larger_safety_margin,3,generic_active,1,20267023,19003,0.0,True,True,False,False,1.09186150000005,258,2.4341087485385686
6,larger_safety_margin,3,task_aware_active,2,20267023,19003,0.07764571353075626,True,True,False,False,1.1091536999997516,258,2.4341087485385686
6,larger_safety_margin,4,generic_active,0,20267024,19004,0.0,True,True,False,False,1.43396359999997,323,2.4694359574617737
6,larger_safety_margin,4,task_aware_active,1,20267024,19004,0.07764571353075626,True,True,False,False,1.7844897999998466,400,2.483673576092132
6,larger_safety_margin,4,fixed,2,20267024,19004,0.0,True,True,False,False,1.3161663999999291,323,2.4694359574617737
7,partial_occlusion,0,task_aware_active,0,20268020,20000,0.0520944533000791,True,True,False,False,0.6857411000000866,175,2.5084892286096885
7,partial_occlusion,0,fixed,1,20268020,20000,0.0,False,False,False,False,0.00017560000014782418,0,inf
7,partial_occlusion,0,generic_active,2,20268020,20000,0.0520944533000791,True,True,False,False,0.6768197000001237,175,2.5084892286096885
7,partial_occlusion,1,fixed,0,20268021,20001,0.0,False,False,False,False,0.00017840000009528012,0,inf
7,partial_occlusion,1,generic_active,1,20268021,20001,0.0520944533000791,True,True,False,False,1.652960400000211,405,2.8625365805488663
7,partial_occlusion,1,task_aware_active,2,20268021,20001,0.0520944533000791,True,True,False,False,1.4239910999999665,405,2.8625365805488663
7,partial_occlusion,2,generic_active,0,20268022,20002,0.0520944533000791,True,True,False,False,1.3289503999999397,375,2.386686365723003
7,partial_occlusion,2,task_aware_active,1,20268022,20002,0.0520944533000791,True,True,False,False,1.324966300000142,375,2.386686365723003
7,partial_occlusion,2,fixed,2,20268022,20002,0.0,False,False,False,False,0.00013589999980467837,0,inf
7,partial_occlusion,3,task_aware_active,0,20268023,20003,0.0520944533000791,True,True,False,False,0.734005199999956,240,2.137778007482794
7,partial_occlusion,3,fixed,1,20268023,20003,0.0,False,False,False,False,0.00012960000003658934,0,inf
7,partial_occlusion,3,generic_active,2,20268023,20003,0.0520944533000791,True,True,False,False,0.7182856999997966,240,2.137778007482794
7,partial_occlusion,4,fixed,0,20268024,20004,0.0,False,False,False,False,0.00016249999998763087,0,inf
7,partial_occlusion,4,generic_active,1,20268024,20004,0.0520944533000791,True,True,False,False,0.6826492000000144,202,2.520864601477575
7,partial_occlusion,4,task_aware_active,2,20268024,20004,0.0520944533000791,True,True,False,False,0.6688124000002063,202,2.520864601477575
8,strong_occlusion,0,generic_active,0,20269020,21000,0.0520944533000791,False,False,False,False,0.0001502000000073167,0,inf
8,strong_occlusion,0,task_aware_active,1,20269020,21000,0.24413930440481207,True,True,False,False,0.8629174000002422,284,2.66054411054359
8,strong_occlusion,0,fixed,2,20269020,21000,0.0,False,False,False,False,0.00013649999982590089,0,inf
8,strong_occlusion,1,task_aware_active,0,20269021,21001,0.24413930440481207,True,True,False,False,1.3030220999999074,345,2.685136559047213
8,strong_occlusion,1,fixed,1,20269021,21001,0.0,False,False,False,False,0.00014209999972081278,0,inf
8,strong_occlusion,1,generic_active,2,20269021,21001,0.0520944533000791,False,False,False,False,0.00013269999999465654,0,inf
8,strong_occlusion,2,fixed,0,20269022,21002,0.0,False,False,False,False,0.00015669999993406236,0,inf
8,strong_occlusion,2,generic_active,1,20269022,21002,0.0520944533000791,False,False,False,False,0.0001420000003236055,0,inf
8,strong_occlusion,2,task_aware_active,2,20269022,21002,0.24413930440481207,True,True,False,False,1.44521850000001,396,2.069450040960533
8,strong_occlusion,3,generic_active,0,20269023,21003,0.0520944533000791,False,False,False,False,0.00015839999969102792,0,inf
8,strong_occlusion,3,task_aware_active,1,20269023,21003,0.24413930440481207,True,True,False,False,0.7097969999999805,195,2.3966688782630303
8,strong_occlusion,3,fixed,2,20269023,21003,0.0,False,False,False,False,0.00014540000029228395,0,inf
8,strong_occlusion,4,task_aware_active,0,20269024,21004,0.24413930440481207,True,True,False,False,2.3346071999999367,462,1.7361174249673692
8,strong_occlusion,4,fixed,1,20269024,21004,0.0,False,False,False,False,0.00022710000030201627,0,inf
8,strong_occlusion,4,generic_active,2,20269024,21004,0.0520944533000791,True,True,False,False,2.043156100000033,378,2.8320329810972655
9,combined_variation,0,fixed,0,20270020,22000,0.0,True,False,True,True,1.4431171999999606,249,2.1249790638123116
9,combined_variation,0,generic_active,1,20270020,22000,0.0520944533000791,True,True,False,False,2.6095414999999775,511,2.920250998392793
9,combined_variation,0,task_aware_active,2,20270020,22000,0.15000000000000002,True,False,False,True,1.9752839999996468,436,2.0760983044961794
9,combined_variation,1,generic_active,0,20270021,22001,0.0520944533000791,True,True,False,False,2.20841130000008,539,2.4881584149811244
9,combined_variation,1,task_aware_active,1,20270021,22001,0.15000000000000002,True,True,False,False,1.905590100000154,539,2.4881584149811244
9,combined_variation,1,fixed,2,20270021,22001,0.0,False,False,False,False,0.00038380000023607863,0,inf
9,combined_variation,2,task_aware_active,0,20270022,22002,0.15000000000000002,True,True,False,False,1.664030499999626,528,2.301172206793285
9,combined_variation,2,fixed,1,20270022,22002,0.0,False,False,False,False,0.00012150000020483276,0,inf
9,combined_variation,2,generic_active,2,20270022,22002,0.0520944533000791,True,True,False,False,1.9547921000003043,595,3.0120068904722603
9,combined_variation,3,fixed,0,20270023,22003,0.0,False,False,False,False,0.0001436000002286164,0,inf
9,combined_variation,3,generic_active,1,20270023,22003,0.0520944533000791,True,True,False,False,1.9513228999999228,601,2.8516228144743314
9,combined_variation,3,task_aware_active,2,20270023,22003,0.15000000000000002,True,True,False,False,1.9708141999999498,571,2.8525564769552334
9,combined_variation,4,generic_active,0,20270024,22004,0.0520944533000791,True,True,False,False,1.2917422999998962,451,2.111647440524634
9,combined_variation,4,task_aware_active,1,20270024,22004,0.15000000000000002,True,True,False,False,1.4082196000003933,451,2.111647440524634
9,combined_variation,4,fixed,2,20270024,22004,0.0,False,False,False,False,0.00023390000023937318,0,inf
