scenario_id,scenario_name,stress_profile,repetition,variant,perception_seed,planner_seed,selected_candidate_index,mean_localisation_error,mean_predicted_sigma,camera_movement,planning_success,collision_against_truth,safety_violation_against_truth,safe_navigation_success
0,baseline,baseline,0,generic_baseline,20260920,9000,0,0.050867977773676146,0.026000000000000002,0.0,False,False,False,False
0,baseline,baseline,0,high_uncertainty_only,20260920,9000,0,0.050867977773676146,0.026000000000000002,0.0,False,False,False,False
0,baseline,baseline,0,alignment_only,20260920,9000,3,0.00553896873417551,0.0029850468633666727,0.1993389073166024,True,False,False,True
0,baseline,baseline,0,full_task_aware,20260920,9000,3,0.00553896873417551,0.0029850468633666727,0.1993389073166024,True,False,False,True
0,baseline,baseline,1,generic_baseline,20260921,9001,0,0.06804075238914999,0.026000000000000002,0.0,True,False,False,True
0,baseline,baseline,1,high_uncertainty_only,20260921,9001,0,0.06804075238914999,0.026000000000000002,0.0,True,False,False,True
0,baseline,baseline,1,alignment_only,20260921,9001,3,0.006285326169017947,0.0029850468633666727,0.1993389073166024,True,False,False,True
0,baseline,baseline,1,full_task_aware,20260921,9001,3,0.006285326169017947,0.0029850468633666727,0.1993389073166024,True,False,False,True
0,baseline,distance_dominant,0,generic_baseline,20260920,9000,0,0.050867977773676146,0.026000000000000002,0.0,False,False,False,False
0,baseline,distance_dominant,0,high_uncertainty_only,20260920,9000,0,0.050867977773676146,0.026000000000000002,0.0,False,False,False,False
0,baseline,distance_dominant,0,alignment_only,20260920,9000,3,0.009226690278809199,0.004857418228395581,0.1993389073166024,True,False,False,True
0,baseline,distance_dominant,0,full_task_aware,20260920,9000,3,0.009226690278809199,0.004857418228395581,0.1993389073166024,True,False,False,True
0,baseline,distance_dominant,1,generic_baseline,20260921,9001,0,0.06804075238914999,0.026000000000000002,0.0,True,False,False,True
0,baseline,distance_dominant,1,high_uncertainty_only,20260921,9001,0,0.06804075238914999,0.026000000000000002,0.0,True,False,False,True
0,baseline,distance_dominant,1,alignment_only,20260921,9001,3,0.01130941164089673,0.004857418228395581,0.1993389073166024,True,False,False,True
0,baseline,distance_dominant,1,full_task_aware,20260921,9001,3,0.01130941164089673,0.004857418228395581,0.1993389073166024,True,False,False,True
0,baseline,angle_dominant,0,generic_baseline,20260920,9000,0,0.050867977773676146,0.026000000000000002,0.0,False,False,False,False
0,baseline,angle_dominant,0,high_uncertainty_only,20260920,9000,0,0.050867977773676146,0.026000000000000002,0.0,False,False,False,False
0,baseline,angle_dominant,0,alignment_only,20260920,9000,3,0.006216461200397948,0.0033290309409127793,0.1993389073166024,True,False,False,True
0,baseline,angle_dominant,0,full_task_aware,20260920,9000,3,0.006216461200397948,0.0033290309409127793,0.1993389073166024,True,False,False,True
0,baseline,angle_dominant,1,generic_baseline,20260921,9001,0,0.06804075238914999,0.026000000000000002,0.0,True,False,False,True
0,baseline,angle_dominant,1,high_uncertainty_only,20260921,9001,0,0.06804075238914999,0.026000000000000002,0.0,True,False,False,True
0,baseline,angle_dominant,1,alignment_only,20260921,9001,3,0.007208329713525973,0.0033290309409127793,0.1993389073166024,True,False,False,True
0,baseline,angle_dominant,1,full_task_aware,20260921,9001,3,0.007208329713525973,0.0033290309409127793,0.1993389073166024,True,False,False,True
0,baseline,strong_combined,0,generic_baseline,20260920,9000,0,0.10010662793558935,0.051000000000000004,0.0,False,False,False,False
0,baseline,strong_combined,0,high_uncertainty_only,20260920,9000,0,0.10010662793558935,0.051000000000000004,0.0,False,False,False,False
0,baseline,strong_combined,0,alignment_only,20260920,9000,3,0.011359254081983683,0.005940187453466691,0.1993389073166024,True,False,False,True
0,baseline,strong_combined,0,full_task_aware,20260920,9000,3,0.011359254081983683,0.005940187453466691,0.1993389073166024,True,False,False,True
0,baseline,strong_combined,1,generic_baseline,20260921,9001,0,0.13512260332048515,0.051000000000000004,0.0,True,False,True,False
0,baseline,strong_combined,1,high_uncertainty_only,20260921,9001,0,0.13512260332048515,0.051000000000000004,0.0,True,False,True,False
0,baseline,strong_combined,1,alignment_only,20260921,9001,3,0.014214778190867033,0.005940187453466691,0.1993389073166024,True,False,False,True
0,baseline,strong_combined,1,full_task_aware,20260921,9001,3,0.014214778190867033,0.005940187453466691,0.1993389073166024,True,False,False,True
1,lateral_positive,baseline,0,generic_baseline,20261920,10000,3,0.004695402748703775,0.0029850468633666727,0.0,True,False,False,True
1,lateral_positive,baseline,0,high_uncertainty_only,20261920,10000,3,0.004695402748703775,0.0029850468633666727,0.0,True,False,False,True
1,lateral_positive,baseline,0,alignment_only,20261920,10000,3,0.004695402748703775,0.0029850468633666727,0.0,True,False,False,True
1,lateral_positive,baseline,0,full_task_aware,20261920,10000,3,0.004695402748703775,0.0029850468633666727,0.0,True,False,False,True
1,lateral_positive,baseline,1,generic_baseline,20261921,10001,3,0.005839872907210517,0.0029850468633666727,0.0,True,False,False,True
1,lateral_positive,baseline,1,high_uncertainty_only,20261921,10001,3,0.005839872907210517,0.0029850468633666727,0.0,True,False,False,True
1,lateral_positive,baseline,1,alignment_only,20261921,10001,3,0.005839872907210517,0.0029850468633666727,0.0,True,False,False,True
1,lateral_positive,baseline,1,full_task_aware,20261921,10001,3,0.005839872907210517,0.0029850468633666727,0.0,True,False,False,True
1,lateral_positive,distance_dominant,0,generic_baseline,20261920,10000,3,0.008560215769210688,0.00485741822839558,0.0,True,False,False,True
1,lateral_positive,distance_dominant,0,high_uncertainty_only,20261920,10000,3,0.008560215769210688,0.00485741822839558,0.0,True,False,False,True
1,lateral_positive,distance_dominant,0,alignment_only,20261920,10000,3,0.008560215769210688,0.00485741822839558,0.0,True,False,False,True
1,lateral_positive,distance_dominant,0,full_task_aware,20261920,10000,3,0.008560215769210688,0.00485741822839558,0.0,True,False,False,True
1,lateral_positive,distance_dominant,1,generic_baseline,20261921,10001,3,0.008711056536956412,0.00485741822839558,0.0,True,False,True,False
1,lateral_positive,distance_dominant,1,high_uncertainty_only,20261921,10001,3,0.008711056536956412,0.00485741822839558,0.0,True,False,True,False
1,lateral_positive,distance_dominant,1,alignment_only,20261921,10001,3,0.008711056536956412,0.00485741822839558,0.0,True,False,True,False
1,lateral_positive,distance_dominant,1,full_task_aware,20261921,10001,3,0.008711056536956412,0.00485741822839558,0.0,True,False,True,False
1,lateral_positive,angle_dominant,0,generic_baseline,20261920,10000,3,0.005405429705202719,0.0033290309409127793,0.0,True,False,False,True
1,lateral_positive,angle_dominant,0,high_uncertainty_only,20261920,10000,3,0.005405429705202719,0.0033290309409127793,0.0,True,False,False,True
1,lateral_positive,angle_dominant,0,alignment_only,20261920,10000,3,0.005405429705202719,0.0033290309409127793,0.0,True,False,False,True
1,lateral_positive,angle_dominant,0,full_task_aware,20261920,10000,3,0.005405429705202719,0.0033290309409127793,0.0,True,False,False,True
1,lateral_positive,angle_dominant,1,generic_baseline,20261921,10001,3,0.00636735451197666,0.0033290309409127793,0.0,True,False,False,True
1,lateral_positive,angle_dominant,1,high_uncertainty_only,20261921,10001,3,0.00636735451197666,0.0033290309409127793,0.0,True,False,False,True
1,lateral_positive,angle_dominant,1,alignment_only,20261921,10001,3,0.00636735451197666,0.0033290309409127793,0.0,True,False,False,True
1,lateral_positive,angle_dominant,1,full_task_aware,20261921,10001,3,0.00636735451197666,0.0033290309409127793,0.0,True,False,False,True
1,lateral_positive,strong_combined,0,generic_baseline,20261920,10000,3,0.010795189384711582,0.005940187453466691,0.0,False,False,False,False
1,lateral_positive,strong_combined,0,high_uncertainty_only,20261920,10000,3,0.010795189384711582,0.005940187453466691,0.0,False,False,False,False
1,lateral_positive,strong_combined,0,alignment_only,20261920,10000,3,0.010795189384711582,0.005940187453466691,0.0,False,False,False,False
1,lateral_positive,strong_combined,0,full_task_aware,20261920,10000,3,0.010795189384711582,0.005940187453466691,0.0,False,False,False,False
1,lateral_positive,strong_combined,1,generic_baseline,20261921,10001,3,0.010371426553226568,0.005940187453466691,0.0,False,False,False,False
1,lateral_positive,strong_combined,1,high_uncertainty_only,20261921,10001,3,0.010371426553226568,0.005940187453466691,0.0,False,False,False,False
1,lateral_positive,strong_combined,1,alignment_only,20261921,10001,3,0.010371426553226568,0.005940187453466691,0.0,False,False,False,False
1,lateral_positive,strong_combined,1,full_task_aware,20261921,10001,3,0.010371426553226568,0.005940187453466691,0.0,False,False,False,False
2,lateral_negative,baseline,0,generic_baseline,20262920,11000,6,0.004897087684021953,0.0032375668825886986,0.0,True,False,False,True
2,lateral_negative,baseline,0,high_uncertainty_only,20262920,11000,6,0.004897087684021953,0.0032375668825886986,0.0,True,False,False,True
2,lateral_negative,baseline,0,alignment_only,20262920,11000,5,0.004641108669172551,0.0030970156745426455,0.07296310404050822,True,False,False,True
2,lateral_negative,baseline,0,full_task_aware,20262920,11000,5,0.004641108669172551,0.0030970156745426455,0.07296310404050822,True,False,False,True
2,lateral_negative,baseline,1,generic_baseline,20262921,11001,6,0.006407992309643609,0.0032375668825886986,0.0,True,False,False,True
2,lateral_negative,baseline,1,high_uncertainty_only,20262921,11001,6,0.006407992309643609,0.0032375668825886986,0.0,True,False,False,True
2,lateral_negative,baseline,1,alignment_only,20262921,11001,5,0.006141753307469322,0.0030970156745426455,0.07296310404050822,True,False,False,True
2,lateral_negative,baseline,1,full_task_aware,20262921,11001,5,0.006141753307469322,0.0030970156745426455,0.07296310404050822,True,False,False,True
2,lateral_negative,distance_dominant,0,generic_baseline,20262920,11000,6,0.006334515339147164,0.004026819835708732,0.0,True,False,False,True
2,lateral_negative,distance_dominant,0,high_uncertainty_only,20262920,11000,6,0.006334515339147164,0.004026819835708732,0.0,True,False,False,True
2,lateral_negative,distance_dominant,0,alignment_only,20262920,11000,5,0.007504126863039575,0.004669022137816874,0.07296310404050822,True,False,False,True
2,lateral_negative,distance_dominant,0,full_task_aware,20262920,11000,5,0.007504126863039575,0.004669022137816874,0.07296310404050822,True,False,False,True
2,lateral_negative,distance_dominant,1,generic_baseline,20262921,11001,6,0.007903034021650351,0.004026819835708732,0.0,True,False,False,True
2,lateral_negative,distance_dominant,1,high_uncertainty_only,20262921,11001,6,0.007903034021650351,0.004026819835708732,0.0,True,False,False,True
2,lateral_negative,distance_dominant,1,alignment_only,20262921,11001,5,0.00911952516736345,0.004669022137816874,0.07296310404050822,True,False,False,True
2,lateral_negative,distance_dominant,1,full_task_aware,20262921,11001,5,0.00911952516736345,0.004669022137816874,0.07296310404050822,True,False,False,True
2,lateral_negative,angle_dominant,0,generic_baseline,20262920,11000,6,0.008530979589884767,0.005232839415293239,0.0,False,False,False,False
2,lateral_negative,angle_dominant,0,high_uncertainty_only,20262920,11000,6,0.008530979589884767,0.005232839415293239,0.0,False,False,False,False
2,lateral_negative,angle_dominant,0,alignment_only,20262920,11000,5,0.006273457252882358,0.003993294478989369,0.07296310404050822,True,False,False,True
2,lateral_negative,angle_dominant,0,full_task_aware,20262920,11000,5,0.006273457252882358,0.003993294478989369,0.07296310404050822,True,False,False,True
2,lateral_negative,angle_dominant,1,generic_baseline,20262921,11001,6,0.01018753554913651,0.005232839415293239,0.0,True,False,False,True
2,lateral_negative,angle_dominant,1,high_uncertainty_only,20262921,11001,6,0.01018753554913651,0.005232839415293239,0.0,True,False,False,True
2,lateral_negative,angle_dominant,1,alignment_only,20262921,11001,5,0.007839528644182695,0.003993294478989369,0.07296310404050822,True,False,False,True
2,lateral_negative,angle_dominant,1,full_task_aware,20262921,11001,5,0.007839528644182695,0.003993294478989369,0.07296310404050822,True,False,False,True
2,lateral_negative,strong_combined,0,generic_baseline,20262920,11000,6,0.011658847098672646,0.006950267530354795,0.0,False,False,False,False
2,lateral_negative,strong_combined,0,high_uncertainty_only,20262920,11000,6,0.011658847098672646,0.006950267530354795,0.0,False,False,False,False
2,lateral_negative,strong_combined,0,alignment_only,20262920,11000,5,0.010634931039275009,0.006388062698170582,0.07296310404050822,False,False,False,False
2,lateral_negative,strong_combined,0,full_task_aware,20262920,11000,5,0.010634931039275009,0.006388062698170582,0.07296310404050822,False,False,False,False
2,lateral_negative,strong_combined,1,generic_baseline,20262921,11001,6,0.013440772244976477,0.006950267530354795,0.0,True,False,False,True
2,lateral_negative,strong_combined,1,high_uncertainty_only,20262921,11001,6,0.013440772244976477,0.006950267530354795,0.0,True,False,False,True
2,lateral_negative,strong_combined,1,alignment_only,20262921,11001,5,0.012375816236279322,0.006388062698170582,0.07296310404050822,True,False,False,True
2,lateral_negative,strong_combined,1,full_task_aware,20262921,11001,5,0.012375816236279322,0.006388062698170582,0.07296310404050822,True,False,False,True
3,superior_shift,baseline,0,generic_baseline,20263920,12000,9,0.04537774910523111,0.026000000000000002,0.0,False,False,False,False
3,superior_shift,baseline,0,high_uncertainty_only,20263920,12000,9,0.04537774910523111,0.026000000000000002,0.0,False,False,False,False
3,superior_shift,baseline,0,alignment_only,20263920,12000,58,0.005031190967277548,0.002847498140986786,0.11692792275174294,True,False,False,True
3,superior_shift,baseline,0,full_task_aware,20263920,12000,22,0.005381639186501278,0.003058118045019235,0.09153744774286736,True,False,False,True
3,superior_shift,baseline,1,generic_baseline,20263921,12001,9,0.06034833906620981,0.026000000000000002,0.0,False,False,False,False
3,superior_shift,baseline,1,high_uncertainty_only,20263921,12001,9,0.06034833906620981,0.026000000000000002,0.0,False,False,False,False
3,superior_shift,baseline,1,alignment_only,20263921,12001,58,0.005388164754996777,0.002847498140986786,0.11692792275174294,True,False,False,True
3,superior_shift,baseline,1,full_task_aware,20263921,12001,22,0.006217719020989969,0.003058118045019235,0.09153744774286736,True,False,False,True
3,superior_shift,distance_dominant,0,generic_baseline,20263920,12000,9,0.04537774910523111,0.026000000000000002,0.0,False,False,False,False
3,superior_shift,distance_dominant,0,high_uncertainty_only,20263920,12000,9,0.04537774910523111,0.026000000000000002,0.0,False,False,False,False
3,superior_shift,distance_dominant,0,alignment_only,20263920,12000,58,0.006152492668451975,0.003461874535246697,0.11692792275174294,True,False,False,True
3,superior_shift,distance_dominant,0,full_task_aware,20263920,12000,22,0.003998123471052544,0.002264529511254809,0.09153744774286736,True,False,False,True
3,superior_shift,distance_dominant,1,generic_baseline,20263921,12001,9,0.06034833906620981,0.026000000000000002,0.0,False,False,False,False
3,superior_shift,distance_dominant,1,high_uncertainty_only,20263921,12001,9,0.06034833906620981,0.026000000000000002,0.0,False,False,False,False
3,superior_shift,distance_dominant,1,alignment_only,20263921,12001,58,0.005839955285660232,0.003461874535246697,0.11692792275174294,True,False,False,True
3,superior_shift,distance_dominant,1,full_task_aware,20263921,12001,22,0.004345272833805265,0.002264529511254809,0.09153744774286736,True,False,False,True
3,superior_shift,angle_dominant,0,generic_baseline,20263920,12000,9,0.04537774910523111,0.026000000000000002,0.0,False,False,False,False
3,superior_shift,angle_dominant,0,high_uncertainty_only,20263920,12000,9,0.04537774910523111,0.026000000000000002,0.0,False,False,False,False
3,superior_shift,angle_dominant,0,alignment_only,20263920,12000,58,0.0072719279191959425,0.0041399925639471445,0.11692792275174294,True,False,False,True
3,superior_shift,angle_dominant,0,full_task_aware,20263920,12000,22,0.01091570204829622,0.0062324721800769405,0.09153744774286736,True,False,False,True
3,superior_shift,angle_dominant,1,generic_baseline,20263921,12001,9,0.06034833906620981,0.026000000000000002,0.0,False,False,False,False
3,superior_shift,angle_dominant,1,high_uncertainty_only,20263921,12001,9,0.06034833906620981,0.026000000000000002,0.0,False,False,False,False
3,superior_shift,angle_dominant,1,alignment_only,20263921,12001,58,0.008687215687402744,0.0041399925639471445,0.11692792275174294,True,False,False,True
3,superior_shift,angle_dominant,1,full_task_aware,20263921,12001,22,0.013707503769728784,0.0062324721800769405,0.09153744774286736,True,False,False,True
3,superior_shift,strong_combined,0,generic_baseline,20263920,12000,9,0.08896191320869794,0.051000000000000004,0.0,False,False,False,False
3,superior_shift,strong_combined,0,high_uncertainty_only,20263920,12000,9,0.08896191320869794,0.051000000000000004,0.0,False,False,False,False
3,superior_shift,strong_combined,0,alignment_only,20263920,12000,58,0.009513909171401304,0.005389992563947145,0.11692792275174294,True,False,False,True
3,superior_shift,strong_combined,0,full_task_aware,20263920,12000,22,0.01091570204829622,0.0062324721800769405,0.09153744774286736,True,False,False,True
3,superior_shift,strong_combined,1,generic_baseline,20263921,12001,9,0.11933502131773703,0.051000000000000004,0.0,True,False,False,True
3,superior_shift,strong_combined,1,high_uncertainty_only,20263921,12001,9,0.11933502131773703,0.051000000000000004,0.0,True,False,False,True
3,superior_shift,strong_combined,1,alignment_only,20263921,12001,58,0.010389286705756005,0.005389992563947145,0.11692792275174294,True,False,False,True
3,superior_shift,strong_combined,1,full_task_aware,20263921,12001,22,0.013707503769728784,0.0062324721800769405,0.09153744774286736,True,False,False,True
4,larger_anatomy,baseline,0,generic_baseline,20264920,13000,12,0.0390901439508896,0.026000000000000002,0.0,False,False,False,False
4,larger_anatomy,baseline,0,high_uncertainty_only,20264920,13000,12,0.0390901439508896,0.026000000000000002,0.0,False,False,False,False
4,larger_anatomy,baseline,0,alignment_only,20264920,13000,3,0.004569473437069234,0.0029850468633666727,0.21213203435596428,True,False,False,True
4,larger_anatomy,baseline,0,full_task_aware,20264920,13000,3,0.004569473437069234,0.0029850468633666727,0.21213203435596428,True,False,False,True
4,larger_anatomy,baseline,1,generic_baseline,20264921,13001,12,0.05786394912948361,0.026000000000000002,0.0,True,False,True,False
4,larger_anatomy,baseline,1,high_uncertainty_only,20264921,13001,12,0.05786394912948361,0.026000000000000002,0.0,True,False,True,False
4,larger_anatomy,baseline,1,alignment_only,20264921,13001,3,0.006597272870617515,0.0029850468633666727,0.21213203435596428,True,False,False,True
4,larger_anatomy,baseline,1,full_task_aware,20264921,13001,3,0.006597272870617515,0.0029850468633666727,0.21213203435596428,True,False,False,True
4,larger_anatomy,distance_dominant,0,generic_baseline,20264920,13000,12,0.0390901439508896,0.026000000000000002,0.0,False,False,False,False
4,larger_anatomy,distance_dominant,0,high_uncertainty_only,20264920,13000,12,0.0390901439508896,0.026000000000000002,0.0,False,False,False,False
4,larger_anatomy,distance_dominant,0,alignment_only,20264920,13000,3,0.007377887366393882,0.004857418228395581,0.21213203435596428,True,False,False,True
4,larger_anatomy,distance_dominant,0,full_task_aware,20264920,13000,3,0.007377887366393882,0.004857418228395581,0.21213203435596428,True,False,False,True
4,larger_anatomy,distance_dominant,1,generic_baseline,20264921,13001,12,0.05786394912948361,0.026000000000000002,0.0,True,False,True,False
4,larger_anatomy,distance_dominant,1,high_uncertainty_only,20264921,13001,12,0.05786394912948361,0.026000000000000002,0.0,True,False,True,False
4,larger_anatomy,distance_dominant,1,alignment_only,20264921,13001,3,0.010768050713937076,0.004857418228395581,0.21213203435596428,True,False,False,True
4,larger_anatomy,distance_dominant,1,full_task_aware,20264921,13001,3,0.010768050713937076,0.004857418228395581,0.21213203435596428,True,False,False,True
4,larger_anatomy,angle_dominant,0,generic_baseline,20264920,13000,12,0.0390901439508896,0.026000000000000002,0.0,False,False,False,False
4,larger_anatomy,angle_dominant,0,high_uncertainty_only,20264920,13000,12,0.0390901439508896,0.026000000000000002,0.0,False,False,False,False
4,larger_anatomy,angle_dominant,0,alignment_only,20264920,13000,70,0.006069486883872561,0.003979988121943737,0.18522748547778428,True,False,False,True
4,larger_anatomy,angle_dominant,0,full_task_aware,20264920,13000,3,0.005085423260319955,0.0033290309409127793,0.21213203435596428,True,False,False,True
4,larger_anatomy,angle_dominant,1,generic_baseline,20264921,13001,12,0.05786394912948361,0.026000000000000002,0.0,True,False,True,False
4,larger_anatomy,angle_dominant,1,high_uncertainty_only,20264921,13001,12,0.05786394912948361,0.026000000000000002,0.0,True,False,True,False
4,larger_anatomy,angle_dominant,1,alignment_only,20264921,13001,70,0.008809206086235734,0.003979988121943737,0.18522748547778428,True,False,False,True
4,larger_anatomy,angle_dominant,1,full_task_aware,20264921,13001,3,0.00736351037877438,0.0033290309409127793,0.21213203435596428,True,False,False,True
4,larger_anatomy,strong_combined,0,generic_baseline,20264920,13000,12,0.0765882330289781,0.051000000000000004,0.0,False,False,False,False
4,larger_anatomy,strong_combined,0,high_uncertainty_only,20264920,13000,12,0.0765882330289781,0.051000000000000004,0.0,False,False,False,False
4,larger_anatomy,strong_combined,0,alignment_only,20264920,13000,3,0.009001958440503057,0.005940187453466691,0.21213203435596428,True,False,False,True
4,larger_anatomy,strong_combined,0,full_task_aware,20264920,13000,3,0.009001958440503057,0.005940187453466691,0.21213203435596428,True,False,False,True
4,larger_anatomy,strong_combined,1,generic_baseline,20264921,13001,12,0.11355239215444894,0.051000000000000004,0.0,True,False,False,True
4,larger_anatomy,strong_combined,1,high_uncertainty_only,20264921,13001,12,0.11355239215444894,0.051000000000000004,0.0,True,False,False,True
4,larger_anatomy,strong_combined,1,alignment_only,20264921,13001,3,0.013179960005919412,0.005940187453466691,0.21213203435596428,True,False,False,True
4,larger_anatomy,strong_combined,1,full_task_aware,20264921,13001,3,0.013179960005919412,0.005940187453466691,0.21213203435596428,True,False,False,True
5,smaller_anatomy,baseline,0,generic_baseline,20265920,14000,15,0.004884961786854426,0.0030015377255648884,0.0,True,False,False,True
5,smaller_anatomy,baseline,0,high_uncertainty_only,20265920,14000,15,0.004884961786854426,0.0030015377255648884,0.0,True,False,False,True
5,smaller_anatomy,baseline,0,alignment_only,20265920,14000,15,0.004884961786854426,0.0030015377255648884,0.0,True,False,False,True
5,smaller_anatomy,baseline,0,full_task_aware,20265920,14000,15,0.004884961786854426,0.0030015377255648884,0.0,True,False,False,True
5,smaller_anatomy,baseline,1,generic_baseline,20265921,14001,15,0.003828051471519003,0.0030015377255648884,0.0,True,False,False,True
5,smaller_anatomy,baseline,1,high_uncertainty_only,20265921,14001,15,0.003828051471519003,0.0030015377255648884,0.0,True,False,False,True
5,smaller_anatomy,baseline,1,alignment_only,20265921,14001,15,0.003828051471519003,0.0030015377255648884,0.0,True,False,False,True
5,smaller_anatomy,baseline,1,full_task_aware,20265921,14001,15,0.003828051471519003,0.0030015377255648884,0.0,True,False,False,True
5,smaller_anatomy,distance_dominant,0,generic_baseline,20265920,14000,15,0.007972002593888422,0.004849596980991369,0.0,True,False,False,True
5,smaller_anatomy,distance_dominant,0,high_uncertainty_only,20265920,14000,15,0.007972002593888422,0.004849596980991369,0.0,True,False,False,True
5,smaller_anatomy,distance_dominant,0,alignment_only,20265920,14000,15,0.007972002593888422,0.004849596980991369,0.0,True,False,False,True
5,smaller_anatomy,distance_dominant,0,full_task_aware,20265920,14000,15,0.007972002593888422,0.004849596980991369,0.0,True,False,False,True
5,smaller_anatomy,distance_dominant,1,generic_baseline,20265921,14001,15,0.005469353647898815,0.004849596980991369,0.0,True,False,False,True
5,smaller_anatomy,distance_dominant,1,high_uncertainty_only,20265921,14001,15,0.005469353647898815,0.004849596980991369,0.0,True,False,False,True
5,smaller_anatomy,distance_dominant,1,alignment_only,20265921,14001,15,0.005469353647898815,0.004849596980991369,0.0,True,False,False,True
5,smaller_anatomy,distance_dominant,1,full_task_aware,20265921,14001,15,0.005469353647898815,0.004849596980991369,0.0,True,False,False,True
5,smaller_anatomy,angle_dominant,0,generic_baseline,20265920,14000,15,0.005562152345199996,0.0034069383526594073,0.0,True,False,False,True
5,smaller_anatomy,angle_dominant,0,high_uncertainty_only,20265920,14000,15,0.005562152345199996,0.0034069383526594073,0.0,True,False,False,True
5,smaller_anatomy,angle_dominant,0,alignment_only,20265920,14000,15,0.005562152345199996,0.0034069383526594073,0.0,True,False,False,True
5,smaller_anatomy,angle_dominant,0,full_task_aware,20265920,14000,15,0.005562152345199996,0.0034069383526594073,0.0,True,False,False,True
5,smaller_anatomy,angle_dominant,1,generic_baseline,20265921,14001,15,0.004188096707948629,0.0034069383526594073,0.0,True,False,False,True
5,smaller_anatomy,angle_dominant,1,high_uncertainty_only,20265921,14001,15,0.004188096707948629,0.0034069383526594073,0.0,True,False,False,True
5,smaller_anatomy,angle_dominant,1,alignment_only,20265921,14001,15,0.004188096707948629,0.0034069383526594073,0.0,True,False,False,True
5,smaller_anatomy,angle_dominant,1,full_task_aware,20265921,14001,15,0.004188096707948629,0.0034069383526594073,0.0,True,False,False,True
5,smaller_anatomy,strong_combined,0,generic_baseline,20265920,14000,15,0.009903936940693856,0.006006150902259554,0.0,True,False,False,True
5,smaller_anatomy,strong_combined,0,high_uncertainty_only,20265920,14000,15,0.009903936940693856,0.006006150902259554,0.0,True,False,False,True
5,smaller_anatomy,strong_combined,0,alignment_only,20265920,14000,15,0.009903936940693856,0.006006150902259554,0.0,True,False,False,True
5,smaller_anatomy,strong_combined,0,full_task_aware,20265920,14000,15,0.009903936940693856,0.006006150902259554,0.0,True,False,False,True
5,smaller_anatomy,strong_combined,1,generic_baseline,20265921,14001,15,0.006496514688598237,0.006006150902259554,0.0,True,False,False,True
5,smaller_anatomy,strong_combined,1,high_uncertainty_only,20265921,14001,15,0.006496514688598237,0.006006150902259554,0.0,True,False,False,True
5,smaller_anatomy,strong_combined,1,alignment_only,20265921,14001,15,0.006496514688598237,0.006006150902259554,0.0,True,False,False,True
5,smaller_anatomy,strong_combined,1,full_task_aware,20265921,14001,15,0.006496514688598237,0.006006150902259554,0.0,True,False,False,True
6,larger_safety_margin,baseline,0,generic_baseline,20266920,15000,18,0.003766090280768162,0.0032602422452589464,0.0,True,False,False,True
6,larger_safety_margin,baseline,0,high_uncertainty_only,20266920,15000,18,0.003766090280768162,0.0032602422452589464,0.0,True,False,False,True
6,larger_safety_margin,baseline,0,alignment_only,20266920,15000,17,0.0036383609150202785,0.003117711648907182,0.07764571353075626,True,False,False,True
6,larger_safety_margin,baseline,0,full_task_aware,20266920,15000,17,0.0036383609150202785,0.003117711648907182,0.07764571353075626,True,False,False,True
6,larger_safety_margin,baseline,1,generic_baseline,20266921,15001,18,0.005323033260187516,0.0032602422452589464,0.0,True,False,False,True
6,larger_safety_margin,baseline,1,high_uncertainty_only,20266921,15001,18,0.005323033260187516,0.0032602422452589464,0.0,True,False,False,True
6,larger_safety_margin,baseline,1,alignment_only,20266921,15001,17,0.005082187064593017,0.003117711648907182,0.07764571353075626,True,False,False,True
6,larger_safety_margin,baseline,1,full_task_aware,20266921,15001,17,0.005082187064593017,0.003117711648907182,0.07764571353075626,True,False,False,True
6,larger_safety_margin,distance_dominant,0,generic_baseline,20266920,15000,18,0.004389618989093408,0.003956025224526694,0.0,True,False,False,True
6,larger_safety_margin,distance_dominant,0,high_uncertainty_only,20266920,15000,18,0.004389618989093408,0.003956025224526694,0.0,True,False,False,True
6,larger_safety_margin,distance_dominant,0,alignment_only,20266920,15000,17,0.005009424895948713,0.0046476540054978905,0.07764571353075626,True,False,False,True
6,larger_safety_margin,distance_dominant,0,full_task_aware,20266920,15000,17,0.005009424895948713,0.0046476540054978905,0.07764571353075626,True,False,False,True
6,larger_safety_margin,distance_dominant,1,generic_baseline,20266921,15001,18,0.006498757545396191,0.003956025224526694,0.0,True,False,False,True
6,larger_safety_margin,distance_dominant,1,high_uncertainty_only,20266921,15001,18,0.006498757545396191,0.003956025224526694,0.0,True,False,False,True
6,larger_safety_margin,distance_dominant,1,alignment_only,20266921,15001,17,0.0076674621247937655,0.0046476540054978905,0.07764571353075626,True,False,False,True
6,larger_safety_margin,distance_dominant,1,full_task_aware,20266921,15001,17,0.0076674621247937655,0.0046476540054978905,0.07764571353075626,True,False,False,True
6,larger_safety_margin,angle_dominant,0,generic_baseline,20266920,15000,18,0.00568364664674001,0.00540000431782383,0.0,True,False,False,True
6,larger_safety_margin,angle_dominant,0,high_uncertainty_only,20266920,15000,18,0.00568364664674001,0.00540000431782383,0.0,True,False,False,True
6,larger_safety_margin,angle_dominant,0,alignment_only,20266920,15000,17,0.004520990935456196,0.004102620502357632,0.07764571353075626,True,False,False,True
6,larger_safety_margin,angle_dominant,0,full_task_aware,20266920,15000,17,0.004520990935456196,0.004102620502357632,0.07764571353075626,True,False,False,True
6,larger_safety_margin,angle_dominant,1,generic_baseline,20266921,15001,18,0.00893877309321794,0.00540000431782383,0.0,False,False,False,False
6,larger_safety_margin,angle_dominant,1,high_uncertainty_only,20266921,15001,18,0.00893877309321794,0.00540000431782383,0.0,False,False,False,False
6,larger_safety_margin,angle_dominant,1,alignment_only,20266921,15001,17,0.006746472182543731,0.004102620502357632,0.07764571353075626,True,False,False,True
6,larger_safety_margin,angle_dominant,1,full_task_aware,20266921,15001,17,0.006746472182543731,0.004102620502357632,0.07764571353075626,True,False,False,True
6,larger_safety_margin,strong_combined,0,generic_baseline,20266920,15000,18,0.007154203713164285,0.007040968981035786,0.0,True,False,False,True
6,larger_safety_margin,strong_combined,0,high_uncertainty_only,20266920,15000,18,0.007154203713164285,0.007040968981035786,0.0,True,False,False,True
6,larger_safety_margin,strong_combined,0,alignment_only,20266920,15000,17,0.006643286250172746,0.006470846595628727,0.07764571353075626,True,False,False,True
6,larger_safety_margin,strong_combined,0,full_task_aware,20266920,15000,17,0.006643286250172746,0.006470846595628727,0.07764571353075626,True,False,False,True
6,larger_safety_margin,strong_combined,1,generic_baseline,20266921,15001,18,0.011711652084506313,0.007040968981035786,0.0,False,False,False,False
6,larger_safety_margin,strong_combined,1,high_uncertainty_only,20266921,15001,18,0.011711652084506313,0.007040968981035786,0.0,False,False,False,False
6,larger_safety_margin,strong_combined,1,alignment_only,20266921,15001,17,0.010748267302128306,0.006470846595628727,0.07764571353075626,False,False,False,False
6,larger_safety_margin,strong_combined,1,full_task_aware,20266921,15001,17,0.010748267302128306,0.006470846595628727,0.07764571353075626,False,False,False,False
7,partial_occlusion,baseline,0,generic_baseline,20267920,16000,16,0.0023887616681859554,0.002908244629945234,0.0520944533000791,True,False,False,True
7,partial_occlusion,baseline,0,high_uncertainty_only,20267920,16000,16,0.0023887616681859554,0.002908244629945234,0.0520944533000791,True,False,False,True
7,partial_occlusion,baseline,0,alignment_only,20267920,16000,16,0.0023887616681859554,0.002908244629945234,0.0520944533000791,True,False,False,True
7,partial_occlusion,baseline,0,full_task_aware,20267920,16000,16,0.0023887616681859554,0.002908244629945234,0.0520944533000791,True,False,False,True
7,partial_occlusion,baseline,1,generic_baseline,20267921,16001,16,0.0037484264401534987,0.002908244629945234,0.0520944533000791,True,False,False,True
7,partial_occlusion,baseline,1,high_uncertainty_only,20267921,16001,16,0.0037484264401534987,0.002908244629945234,0.0520944533000791,True,False,False,True
7,partial_occlusion,baseline,1,alignment_only,20267921,16001,16,0.0037484264401534987,0.002908244629945234,0.0520944533000791,True,False,False,True
7,partial_occlusion,baseline,1,full_task_aware,20267921,16001,16,0.0037484264401534987,0.002908244629945234,0.0520944533000791,True,False,False,True
7,partial_occlusion,distance_dominant,0,generic_baseline,20267920,16000,16,0.0029159798330855758,0.004923027052599177,0.0520944533000791,True,False,False,True
7,partial_occlusion,distance_dominant,0,high_uncertainty_only,20267920,16000,16,0.0029159798330855758,0.004923027052599177,0.0520944533000791,True,False,False,True
7,partial_occlusion,distance_dominant,0,alignment_only,20267920,16000,16,0.0029159798330855758,0.004923027052599177,0.0520944533000791,True,False,False,True
7,partial_occlusion,distance_dominant,0,full_task_aware,20267920,16000,16,0.0029159798330855758,0.004923027052599177,0.0520944533000791,True,False,False,True
7,partial_occlusion,distance_dominant,1,generic_baseline,20267921,16001,16,0.00647132904557583,0.004923027052599177,0.0520944533000791,True,False,False,True
7,partial_occlusion,distance_dominant,1,high_uncertainty_only,20267921,16001,16,0.00647132904557583,0.004923027052599177,0.0520944533000791,True,False,False,True
7,partial_occlusion,distance_dominant,1,alignment_only,20267921,16001,16,0.00647132904557583,0.004923027052599177,0.0520944533000791,True,False,False,True
7,partial_occlusion,distance_dominant,1,full_task_aware,20267921,16001,16,0.00647132904557583,0.004923027052599177,0.0520944533000791,True,False,False,True
7,partial_occlusion,angle_dominant,0,generic_baseline,20267920,16000,16,0.002396289532840252,0.002937012624668067,0.0520944533000791,True,False,False,True
7,partial_occlusion,angle_dominant,0,high_uncertainty_only,20267920,16000,16,0.002396289532840252,0.002937012624668067,0.0520944533000791,True,False,False,True
7,partial_occlusion,angle_dominant,0,alignment_only,20267920,16000,16,0.002396289532840252,0.002937012624668067,0.0520944533000791,True,False,False,True
7,partial_occlusion,angle_dominant,0,full_task_aware,20267920,16000,16,0.002396289532840252,0.002937012624668067,0.0520944533000791,True,False,False,True
7,partial_occlusion,angle_dominant,1,generic_baseline,20267921,16001,16,0.0037873053021600486,0.002937012624668067,0.0520944533000791,True,False,False,True
7,partial_occlusion,angle_dominant,1,high_uncertainty_only,20267921,16001,16,0.0037873053021600486,0.002937012624668067,0.0520944533000791,True,False,False,True
7,partial_occlusion,angle_dominant,1,alignment_only,20267921,16001,16,0.0037873053021600486,0.002937012624668067,0.0520944533000791,True,False,False,True
7,partial_occlusion,angle_dominant,1,full_task_aware,20267921,16001,16,0.0037873053021600486,0.002937012624668067,0.0520944533000791,True,False,False,True
7,partial_occlusion,strong_combined,0,generic_baseline,20267920,16000,16,0.0031017563742578576,0.005632978519780936,0.0520944533000791,True,False,False,True
7,partial_occlusion,strong_combined,0,high_uncertainty_only,20267920,16000,16,0.0031017563742578576,0.005632978519780936,0.0520944533000791,True,False,False,True
7,partial_occlusion,strong_combined,0,alignment_only,20267920,16000,16,0.0031017563742578576,0.005632978519780936,0.0520944533000791,True,False,False,True
7,partial_occlusion,strong_combined,0,full_task_aware,20267920,16000,16,0.0031017563742578576,0.005632978519780936,0.0520944533000791,True,False,False,True
7,partial_occlusion,strong_combined,1,generic_baseline,20267921,16001,16,0.007430801730058683,0.005632978519780936,0.0520944533000791,True,False,False,True
7,partial_occlusion,strong_combined,1,high_uncertainty_only,20267921,16001,16,0.007430801730058683,0.005632978519780936,0.0520944533000791,True,False,False,True
7,partial_occlusion,strong_combined,1,alignment_only,20267921,16001,16,0.007430801730058683,0.005632978519780936,0.0520944533000791,True,False,False,True
7,partial_occlusion,strong_combined,1,full_task_aware,20267921,16001,16,0.007430801730058683,0.005632978519780936,0.0520944533000791,True,False,False,True
8,strong_occlusion,baseline,0,generic_baseline,20268920,17000,20,0.05450683595704427,0.026000000000000002,0.0520944533000791,True,False,False,True
8,strong_occlusion,baseline,0,high_uncertainty_only,20268920,17000,20,0.05450683595704427,0.026000000000000002,0.0520944533000791,True,False,False,True
8,strong_occlusion,baseline,0,alignment_only,20268920,17000,93,0.005609825355389378,0.003218364783965329,0.15480689228453942,True,False,False,True
8,strong_occlusion,baseline,0,full_task_aware,20268920,17000,4,0.005411375047013933,0.0028937038504406277,0.24413930440481207,True,False,False,True
8,strong_occlusion,baseline,1,generic_baseline,20268921,17001,20,0.08612198841382462,0.026000000000000002,0.0520944533000791,False,False,False,False
8,strong_occlusion,baseline,1,high_uncertainty_only,20268921,17001,20,0.08612198841382462,0.026000000000000002,0.0520944533000791,False,False,False,False
8,strong_occlusion,baseline,1,alignment_only,20268921,17001,93,0.007853894847005246,0.003218364783965329,0.15480689228453942,True,False,False,True
8,strong_occlusion,baseline,1,full_task_aware,20268921,17001,4,0.007968471777994035,0.0028937038504406277,0.24413930440481207,True,False,False,True
8,strong_occlusion,distance_dominant,0,generic_baseline,20268920,17000,20,0.05450683595704427,0.026000000000000002,0.0520944533000791,True,False,False,True
8,strong_occlusion,distance_dominant,0,high_uncertainty_only,20268920,17000,20,0.05450683595704427,0.026000000000000002,0.0520944533000791,True,False,False,True
8,strong_occlusion,distance_dominant,0,alignment_only,20268920,17000,4,0.009728197016938982,0.004925373683315834,0.24413930440481207,True,False,False,True
8,strong_occlusion,distance_dominant,0,full_task_aware,20268920,17000,4,0.009728197016938982,0.004925373683315834,0.24413930440481207,True,False,False,True
8,strong_occlusion,distance_dominant,1,generic_baseline,20268921,17001,20,0.08612198841382462,0.026000000000000002,0.0520944533000791,False,False,False,False
8,strong_occlusion,distance_dominant,1,high_uncertainty_only,20268921,17001,20,0.08612198841382462,0.026000000000000002,0.0520944533000791,False,False,False,False
8,strong_occlusion,distance_dominant,1,alignment_only,20268921,17001,4,0.014840284597079516,0.004925373683315834,0.24413930440481207,True,False,False,True
8,strong_occlusion,distance_dominant,1,full_task_aware,20268921,17001,4,0.014840284597079516,0.004925373683315834,0.24413930440481207,True,False,False,True
8,strong_occlusion,angle_dominant,0,generic_baseline,20268920,17000,20,0.05450683595704427,0.026000000000000002,0.0520944533000791,True,False,False,True
8,strong_occlusion,angle_dominant,0,high_uncertainty_only,20268920,17000,20,0.05450683595704427,0.026000000000000002,0.0520944533000791,True,False,False,True
8,strong_occlusion,angle_dominant,0,alignment_only,20268920,17000,93,0.008086073976391415,0.0042103401752366845,0.15480689228453942,True,False,False,True
8,strong_occlusion,angle_dominant,0,full_task_aware,20268920,17000,4,0.005367103073138261,0.0028728676810568328,0.24413930440481207,True,False,False,True
8,strong_occlusion,angle_dominant,1,generic_baseline,20268921,17001,20,0.08612198841382462,0.026000000000000002,0.0520944533000791,False,False,False,False
8,strong_occlusion,angle_dominant,1,high_uncertainty_only,20268921,17001,20,0.08612198841382462,0.026000000000000002,0.0520944533000791,False,False,False,False
8,strong_occlusion,angle_dominant,1,alignment_only,20268921,17001,93,0.012118619761489683,0.0042103401752366845,0.15480689228453942,True,False,False,True
8,strong_occlusion,angle_dominant,1,full_task_aware,20268921,17001,4,0.007897996618322266,0.0028728676810568328,0.24413930440481207,True,False,False,True
8,strong_occlusion,strong_combined,0,generic_baseline,20268920,17000,20,0.10762597347723762,0.051000000000000004,0.0520944533000791,True,False,False,True
8,strong_occlusion,strong_combined,0,high_uncertainty_only,20268920,17000,20,0.10762597347723762,0.051000000000000004,0.0520944533000791,True,False,False,True
8,strong_occlusion,strong_combined,0,alignment_only,20268920,17000,4,0.011108108375079773,0.00557481540176251,0.24413930440481207,True,False,False,True
8,strong_occlusion,strong_combined,0,full_task_aware,20268920,17000,4,0.011108108375079773,0.00557481540176251,0.24413930440481207,True,False,False,True
8,strong_occlusion,strong_combined,1,generic_baseline,20268921,17001,20,0.1706806690110619,0.051000000000000004,0.0520944533000791,False,False,False,False
8,strong_occlusion,strong_combined,1,high_uncertainty_only,20268921,17001,20,0.1706806690110619,0.051000000000000004,0.0520944533000791,False,False,False,False
8,strong_occlusion,strong_combined,1,alignment_only,20268921,17001,4,0.017036921990545652,0.00557481540176251,0.24413930440481207,True,False,False,True
8,strong_occlusion,strong_combined,1,full_task_aware,20268921,17001,4,0.017036921990545652,0.00557481540176251,0.24413930440481207,True,False,False,True
9,combined_variation,baseline,0,generic_baseline,20269920,18000,1,0.004452242572145007,0.0032740470248614974,0.0520944533000791,True,False,False,True
9,combined_variation,baseline,0,high_uncertainty_only,20269920,18000,1,0.004452242572145007,0.0032740470248614974,0.0520944533000791,True,False,False,True
9,combined_variation,baseline,0,alignment_only,20269920,18000,15,0.004037655288648907,0.003001537725564889,0.15000000000000002,True,False,False,True
9,combined_variation,baseline,0,full_task_aware,20269920,18000,15,0.004037655288648907,0.003001537725564889,0.15000000000000002,True,False,False,True
9,combined_variation,baseline,1,generic_baseline,20269921,18001,1,0.005436916895127302,0.0032740470248614974,0.0520944533000791,True,False,False,True
9,combined_variation,baseline,1,high_uncertainty_only,20269921,18001,1,0.005436916895127302,0.0032740470248614974,0.0520944533000791,True,False,False,True
9,combined_variation,baseline,1,alignment_only,20269921,18001,15,0.005143555043434271,0.003001537725564889,0.15000000000000002,True,False,False,True
9,combined_variation,baseline,1,full_task_aware,20269921,18001,15,0.005143555043434271,0.003001537725564889,0.15000000000000002,True,False,False,True
9,combined_variation,distance_dominant,0,generic_baseline,20269920,18000,1,0.004983634546564823,0.0036233323511740963,0.0520944533000791,True,False,False,True
9,combined_variation,distance_dominant,0,high_uncertainty_only,20269920,18000,1,0.004983634546564823,0.0036233323511740963,0.0520944533000791,True,False,False,True
9,combined_variation,distance_dominant,0,alignment_only,20269920,18000,15,0.006849235915162265,0.004849596980991371,0.15000000000000002,True,False,False,True
9,combined_variation,distance_dominant,0,full_task_aware,20269920,18000,15,0.006849235915162265,0.004849596980991371,0.15000000000000002,True,False,False,True
9,combined_variation,distance_dominant,1,generic_baseline,20269921,18001,1,0.00581292971509621,0.0036233323511740963,0.0520944533000791,True,False,False,True
9,combined_variation,distance_dominant,1,high_uncertainty_only,20269921,18001,1,0.00581292971509621,0.0036233323511740963,0.0520944533000791,True,False,False,True
9,combined_variation,distance_dominant,1,alignment_only,20269921,18001,15,0.007133028748037146,0.004849596980991371,0.15000000000000002,True,False,False,True
9,combined_variation,distance_dominant,1,full_task_aware,20269921,18001,15,0.007133028748037146,0.004849596980991371,0.15000000000000002,True,False,False,True
9,combined_variation,angle_dominant,0,generic_baseline,20269920,18000,1,0.008282016682720147,0.005791367504487267,0.0520944533000791,True,False,False,True
9,combined_variation,angle_dominant,0,high_uncertainty_only,20269920,18000,1,0.008282016682720147,0.005791367504487267,0.0520944533000791,True,False,False,True
9,combined_variation,angle_dominant,0,alignment_only,20269920,18000,15,0.004654419359264312,0.0034069383526594073,0.15000000000000002,True,False,False,True
9,combined_variation,angle_dominant,0,full_task_aware,20269920,18000,15,0.004654419359264312,0.0034069383526594073,0.15000000000000002,True,False,False,True
9,combined_variation,angle_dominant,1,generic_baseline,20269921,18001,1,0.008146864038633815,0.005791367504487267,0.0520944533000791,True,False,False,True
9,combined_variation,angle_dominant,1,high_uncertainty_only,20269921,18001,1,0.008146864038633815,0.005791367504487267,0.0520944533000791,True,False,False,True
9,combined_variation,angle_dominant,1,alignment_only,20269921,18001,15,0.005579977135997497,0.0034069383526594073,0.15000000000000002,True,False,False,True
9,combined_variation,angle_dominant,1,full_task_aware,20269921,18001,15,0.005579977135997497,0.0034069383526594073,0.15000000000000002,True,False,False,True
9,combined_variation,strong_combined,0,generic_baseline,20269920,18000,1,0.01026713068547162,0.007096188099445989,0.0520944533000791,True,False,False,True
9,combined_variation,strong_combined,0,high_uncertainty_only,20269920,18000,1,0.01026713068547162,0.007096188099445989,0.0520944533000791,True,False,False,True
9,combined_variation,strong_combined,0,alignment_only,20269920,18000,15,0.008608781551487248,0.006006150902259555,0.15000000000000002,True,False,False,True
9,combined_variation,strong_combined,0,full_task_aware,20269920,18000,15,0.008608781551487248,0.006006150902259555,0.15000000000000002,True,False,False,True
9,combined_variation,strong_combined,1,generic_baseline,20269921,18001,1,0.009551530179761193,0.007096188099445989,0.0520944533000791,True,False,True,False
9,combined_variation,strong_combined,1,high_uncertainty_only,20269921,18001,1,0.009551530179761193,0.007096188099445989,0.0520944533000791,True,False,True,False
9,combined_variation,strong_combined,1,alignment_only,20269921,18001,15,0.008378082772989069,0.006006150902259555,0.15000000000000002,True,False,True,False
9,combined_variation,strong_combined,1,full_task_aware,20269921,18001,15,0.008378082772989069,0.006006150902259555,0.15000000000000002,True,False,True,False
