trial,generic_planning_success,generic_safe,generic_collision,generic_safety_margin_violation,generic_minimum_safety_clearance_m,generic_path_cost,task_aware_planning_success,task_aware_safe,task_aware_collision,task_aware_safety_margin_violation,task_aware_minimum_safety_clearance_m,task_aware_path_cost,clearance_difference_m
0,True,False,False,True,-0.001585400651172195,2.0235136780158394,True,True,False,False,0.003746301514004768,2.0436475954894586,0.005331702165176963
1,True,False,False,True,-0.005017186980295027,1.7759395098351138,True,True,False,False,0.007082424797183467,2.9256442438681365,0.012099611777478494
2,True,False,False,True,-0.0066690172370902235,1.9430871594167516,True,True,False,False,0.004359313036384696,2.770902377394092,0.01102833027347492
3,True,False,False,True,-0.005071566425938633,1.6531182500048582,True,True,False,False,0.010794323766832021,2.7418432907247308,0.015865890192770654
4,True,True,False,False,0.004366826106604235,2.347433278514071,True,True,False,False,0.00844349233820797,2.3225437529642385,0.004076666231603736
5,True,True,False,False,0.0009589081326021997,2.319472466294659,True,True,False,False,0.008716908850570316,2.592471331382672,0.0077580007179681165
6,True,False,False,True,-0.01167192538816299,2.1901246591628922,True,True,False,False,0.006994439268693286,2.474820926112768,0.018666364656856275
7,True,True,False,False,0.0011076646985727894,2.1026435134017896,True,True,False,False,0.01022582553919677,2.6943488680072076,0.00911816084062398
8,True,False,False,True,-0.00882491372992709,1.8798663728980154,True,True,False,False,0.010927904449841727,3.127734659361866,0.019752818179768816
9,True,False,False,True,-0.005859032538739014,2.8638326098709697,True,True,False,False,0.0033049639430628285,2.988285511593105,0.009163996481801842
10,True,True,False,False,5.25799036088289e-05,2.5589726821439003,True,True,False,False,0.011937325152883127,2.8396156678252913,0.011884745249274298
11,True,False,False,True,-0.008092388196926483,1.7385950742897882,True,True,False,False,0.008519426050498586,2.4797423476251295,0.01661181424742507
12,True,False,False,True,-0.009029458562498935,2.1714783773478263,True,True,False,False,0.014771750918011797,2.5533654671605546,0.023801209480510732
13,True,False,False,True,-0.0015331590299233634,2.203652347964069,True,True,False,False,0.005672905485416461,3.143711366810688,0.0072060645153398245
14,True,True,False,False,0.0023630018689126658,2.373622865635538,True,True,False,False,0.013907922259058033,2.6219229117960934,0.011544920390145368
15,True,True,False,False,0.00479482772218511,2.2621830781363546,True,True,False,False,0.004642482168071635,2.3444902034792943,-0.0001523455541134755
16,True,True,False,False,0.00027426910005832854,1.6944097559296314,True,True,False,False,0.009028287430070612,2.72481064602088,0.008754018330012284
17,True,False,False,True,-0.0012033665952230436,2.0915640770954798,True,True,False,False,0.0061566288363302645,2.1093237641534723,0.007359995431553308
18,True,True,False,False,0.0025162799013715136,1.7400062370180875,True,True,False,False,0.013279091885622775,2.6065015481559963,0.010762811984251261
19,True,False,False,True,-0.002740817462666254,2.029554507888344,True,True,False,False,0.0061952905957284015,2.291527132434282,0.008936108058394655
20,True,True,False,False,5.571329755762154e-05,2.1879776869721628,True,True,False,False,0.010038918992565335,2.5085193989166665,0.009983205695007713
21,True,False,False,True,-0.012718298151417702,1.6014493123298295,True,False,False,True,-0.0028758568944472155,2.7911602468215855,0.009842441256970487
22,True,True,False,False,0.003697324174497146,3.0149848700186155,True,True,False,False,0.009633142421940853,3.166188129635529,0.005935818247443707
23,True,True,False,False,0.00038211757268319206,2.396217211676852,True,True,False,False,0.008982318114449486,2.84826402167699,0.008600200541766294
24,True,False,False,True,-0.007415421715612576,2.6328416016828027,True,True,False,False,0.00475514611451224,2.299191691882708,0.012170567830124816
25,True,False,False,True,-0.0007314983666770001,1.7008655284628247,True,True,False,False,0.01241273092827169,2.421306809724783,0.01314422929494869
26,True,True,False,False,0.0048221305319173565,2.690513428008603,True,True,False,False,0.013110601780219644,2.547522625021773,0.008288471248302287
27,True,False,False,True,-0.002070152104839367,2.097916389177942,True,True,False,False,0.01395527414441333,2.850005165653072,0.016025426249252697
28,True,False,False,True,-0.0021499268897856322,2.184732821232241,True,True,False,False,0.007988204460437997,2.8476272432012024,0.01013813135022363
29,True,True,False,False,0.003800269800463876,2.3728542785970888,True,True,False,False,0.00995652328136235,2.4668534168924734,0.006156253480898474
30,True,False,False,True,-0.003239644955368647,2.1257582574448977,True,True,False,False,0.017095391958033418,2.5012626664737345,0.020335036913402063
31,True,False,False,True,-0.005066273275958171,2.1407720016456064,True,True,False,False,0.005689402635279837,2.285038211260755,0.010755675911238008
32,True,False,False,True,-0.009559196168136443,1.688218629777695,True,True,False,False,0.0010983642492603304,2.5050128879770495,0.010657560417396773
33,True,False,False,True,-0.014412568734168756,2.0311395557044474,True,True,False,False,0.009239170896525295,2.6309987726123536,0.02365173963069405
34,True,False,False,True,-0.0032134852519409996,2.1920021940541488,True,True,False,False,0.008983512086109936,2.4661345999977824,0.012196997338050936
35,True,True,False,False,0.005503596434264664,2.4084703172879682,True,True,False,False,0.012611082133487042,2.8354017092932153,0.007107485699222378
36,True,True,False,False,0.0013837050475423909,1.9363938469145399,True,True,False,False,0.014945281214030859,2.923883274095048,0.013561576166488468
37,True,False,False,True,-0.001327652144625437,2.1143978778170824,True,True,False,False,0.007746158173239133,2.627929650090341,0.00907381031786457
38,True,True,False,False,0.00669272795456642,2.6178242056988923,True,True,False,False,0.012925987997679201,2.5821253898793026,0.006233260043112782
39,True,True,False,False,0.0029962610177370324,2.2216290563357046,True,True,False,False,0.011478126090104032,3.054819425703273,0.008481865072367
40,True,False,False,True,-0.00389694563274417,1.960973110186235,True,True,False,False,0.01780660137119705,3.061073072908319,0.02170354700394122
41,True,True,False,False,0.0046526182741778565,2.580807563159616,True,True,False,False,0.00941863960237276,2.642375962160034,0.004766021328194904
42,True,False,False,True,-0.0009405267243317115,2.063170617291549,True,True,False,False,0.0053162607910178985,2.3183271038378095,0.00625678751534961
43,True,True,False,False,0.008447847950346274,2.462098143867077,True,True,False,False,0.012512422086884098,2.6120251009308415,0.004064574136537824
44,True,True,False,False,0.0009165594267750623,2.5012467189075545,True,True,False,False,0.007485567067411094,2.879865205030878,0.006569007640636032
45,True,True,False,False,0.008860102859106342,2.474496604495247,True,True,False,False,0.008800874699205324,2.6957564335750637,-5.9228159901017485e-05
46,True,True,False,False,0.0045055787656968615,2.507203447798936,True,True,False,False,0.01061597840317909,2.7353326677467185,0.006110399637482229
47,True,True,False,False,0.00531900805297581,2.2743316883388163,True,True,False,False,0.01303284003453233,2.852011196121726,0.007713831981556521
48,True,True,False,False,0.004391770934879807,2.4994685522164257,True,True,False,False,0.005212415896425402,2.438253609160323,0.0008206449615455955
49,True,True,False,False,0.008469003274447938,2.7136035101617977,True,True,False,False,0.010903111252497292,2.7737532709613357,0.0024341079780493546
50,True,False,False,True,-0.0038119678788528528,1.7516130056574504,True,True,False,False,0.0011818431059926107,2.6325062486034065,0.004993810984845463
51,True,False,False,True,-0.006817548236057515,1.7353339011268831,True,True,False,False,0.005839368698969163,2.3248959104209805,0.012656916935026678
52,True,True,False,False,0.0006075862108122412,1.8123125065464336,True,True,False,False,0.008564745178367089,2.446828817511517,0.007957158967554848
53,True,False,False,True,-0.003871468324398929,2.2646673163217166,True,True,False,False,0.005057014807669033,2.4794102120076067,0.008928483132067962
54,True,True,False,False,0.008053019312236278,2.782468290255049,True,True,False,False,0.0009959640357544274,2.44570676323148,-0.007057055276481851
55,True,False,False,True,-0.0017022604788563076,2.6438057780253437,True,True,False,False,0.006895973558804216,2.587406896017988,0.008598234037660524
56,True,False,False,True,-0.007774656537081011,1.586943623436492,True,True,False,False,0.0019302238606335159,2.57535673873316,0.009704880397714527
57,True,True,False,False,0.004011607812083781,2.681038772889901,True,True,False,False,0.013704336777742803,2.499925476044395,0.009692728965659023
58,True,False,False,True,-0.0005228608950850911,2.6788717952596874,True,True,False,False,0.006998807863884437,3.0623874825308826,0.007521668758969528
59,True,False,False,True,-0.004957833058769541,2.378482934132883,True,True,False,False,0.004744674669270093,2.159230976510333,0.009702507728039635
60,True,False,False,True,-0.0015392141419204187,2.2025630011694437,True,True,False,False,0.009369722683082135,2.6685735916314184,0.010908936825002553
61,True,False,False,True,-0.00726061590823949,2.646911751822263,True,True,False,False,0.009657402436343351,2.6775610816059836,0.01691801834458284
62,True,False,False,True,-0.0024101964621860237,2.3140380061656085,True,True,False,False,0.009677585260655727,2.4886327315845747,0.01208778172284175
63,True,False,False,True,-0.003739623827207975,2.379562165906455,True,True,False,False,0.009758259659034504,2.5956514560952257,0.013497883486242479
64,True,False,False,True,-0.005366340411923598,1.7024565993787955,True,True,False,False,0.006924268670955696,2.373027812747525,0.012290609082879295
65,True,False,False,True,-0.0021312960326477937,2.1667578556977083,True,True,False,False,0.004295774659464463,2.54063305803113,0.006427070692112256
66,True,False,False,True,-0.011540935429170162,2.0589506661908135,True,True,False,False,0.006520844521956238,2.183233942748193,0.0180617799511264
67,True,False,False,True,-0.0018482356427104527,1.8299930752188625,True,True,False,False,0.007558776288947069,2.2734243435377794,0.009407011931657522
68,True,False,False,True,-0.0005325260785340544,1.753883495605156,True,True,False,False,0.010018530692960657,2.307795646159817,0.010551056771494711
69,True,False,False,True,-0.0018724954768872554,2.3313125695586114,True,True,False,False,0.007982426305483464,2.318170245231681,0.00985492178237072
70,True,True,False,False,0.0026962168513990133,2.3050263396764885,True,True,False,False,0.013531057302148276,2.7442553390006177,0.010834840450749263
71,True,False,False,True,-3.875959312728619e-06,2.249509778368952,True,True,False,False,0.011241429612210979,2.670593797092584,0.011245305571523707
72,True,True,False,False,0.002148787372955879,2.368839953735894,True,True,False,False,0.010730203965274005,2.3676631245074504,0.008581416592318127
73,True,False,False,True,-0.005162707609354953,2.6797514146455703,True,True,False,False,0.005515006801266901,2.802929313363177,0.010677714410621854
74,True,False,False,True,-0.007779512421854888,2.730730107868089,True,True,False,False,0.003999347275352371,2.6810762801552106,0.01177885969720726
75,True,True,False,False,0.0009898876852551582,2.717526514743989,True,True,False,False,0.010426265356134194,2.703481575314088,0.009436377670879036
76,True,False,False,True,-0.010303872122594414,2.0140759081999415,True,True,False,False,0.007369859567239094,2.672162963268191,0.017673731689833508
77,True,False,False,True,-9.554501654007903e-05,1.951345788440414,True,True,False,False,0.007179538231909975,2.2593021772748507,0.007275083248450054
78,True,True,False,False,0.003678469731538894,2.4974296656215196,True,True,False,False,0.013477941237426056,2.5605716106186334,0.009799471505887163
79,True,False,False,True,-0.0009701356737978773,1.7716332421813836,True,True,False,False,0.0014234490485622014,2.490045734852483,0.0023935847223600787
80,True,True,False,False,0.0003942951858024787,2.3668233086562944,True,True,False,False,0.009416510472813019,2.5576458332064815,0.00902221528701054
81,True,False,False,True,-0.0035370876506465258,2.0385498754828726,True,True,False,False,0.006901057427909181,2.6359620491010234,0.010438145078555706
82,True,False,False,True,-0.004352938638864998,1.6918631695818458,True,True,False,False,0.0033157788769748574,2.5736603544639607,0.0076687175158398554
83,True,True,False,False,0.0014212976584831154,2.115000557976453,True,True,False,False,0.01047770240440221,2.720822858025689,0.009056404745919094
84,True,False,False,True,-0.0006956969098450092,1.774251285412237,True,True,False,False,0.013312808781006073,3.1005814465954717,0.014008505690851082
85,True,False,False,True,-0.008329670426947969,2.35441351066416,True,True,False,False,0.0011623384433958796,2.260969915351803,0.009492008870343849
86,True,False,False,True,-0.00120715565935141,2.654189215285093,True,True,False,False,0.0068359430983786895,2.8613824691431904,0.0080430987577301
87,True,True,False,False,5.8020240463569836e-05,2.2320014982344905,True,True,False,False,0.00942468222407773,2.715307021236752,0.00936666198361416
88,True,False,False,True,-0.007448625184294068,1.727635714676575,True,True,False,False,0.0028589484452517296,2.449457422855423,0.010307573629545798
89,True,False,False,True,-0.0007895480903958325,2.130663797174983,True,True,False,False,0.010848284162122896,2.4519413883437995,0.011637832252518729
90,True,False,False,True,-0.009908620924527095,1.8800220979737272,True,True,False,False,0.008781265050913053,2.633918211601527,0.01868988597544015
91,True,False,False,True,-0.0021436914046882947,2.4004121998307255,True,True,False,False,0.009476337981499583,2.982737341130475,0.011620029386187877
92,True,True,False,False,0.001669234805308199,2.631084372203418,True,True,False,False,0.010144428136874257,2.7731978502586445,0.008475193331566058
93,True,False,False,True,-0.003935327104659077,1.825437586741736,True,True,False,False,0.0035156682113191753,2.675943464965638,0.007450995315978252
94,True,True,False,False,0.005390370091383467,1.9444215728082674,True,True,False,False,0.014714237497376442,2.341549735673924,0.009323867405992975
95,True,False,False,True,-0.003046369810678075,1.76632366040661,True,True,False,False,0.004802902298149022,2.537484318173175,0.007849272108827098
96,True,False,False,True,-0.002039726216353158,2.9411512928852495,True,False,False,True,-0.0034768821792179484,3.037669284398248,-0.0014371559628647904
97,True,True,False,False,0.001594793372097605,2.6240753009055275,True,True,False,False,0.013678245162967414,3.30805545681555,0.01208345179086981
98,True,False,False,True,-0.0024452515188252925,1.6744467440230895,True,True,False,False,0.006466393198492145,2.573846203485151,0.008911644717317438
99,True,False,False,True,-0.0035980038036391732,2.213739751962012,True,True,False,False,0.006023269651193075,2.3186669213684254,0.009621273454832248
