scenario_id,scenario_name,repetition,strategy,perception_seed,planner_seed,planning_success,collision_against_truth,safety_violation_against_truth,safe_navigation_success,mean_localisation_error,mean_predicted_sigma,camera_movement,minimum_true_safety_clearance,mean_planning_safety_margin,maximum_planning_safety_radius
0,baseline,0,fixed,20260901,5000,False,False,False,False,0.018531648723059787,0.026000000000000002,0.0,-inf,0.067,0.14
0,baseline,0,generic_active,20260901,5000,False,False,False,False,0.018531648723059787,0.026000000000000002,0.0,-inf,0.067,0.14
0,baseline,0,task_aware_active,20260901,5000,True,False,False,True,0.0022952294830912373,0.0029850468633666727,0.1993389073166024,0.006235945955855906,0.020970093726733342,0.04794018745346669
0,baseline,1,fixed,20260902,5001,False,False,False,False,0.045185409073261656,0.026000000000000002,0.0,-inf,0.067,0.14
0,baseline,1,generic_active,20260902,5001,False,False,False,False,0.045185409073261656,0.026000000000000002,0.0,-inf,0.067,0.14
0,baseline,1,task_aware_active,20260902,5001,True,False,False,True,0.0043999158424408045,0.0029850468633666727,0.1993389073166024,0.006058751765732518,0.020970093726733342,0.04794018745346669
0,baseline,2,fixed,20260903,5002,False,False,False,False,0.03574718901412324,0.026000000000000002,0.0,-inf,0.067,0.14
0,baseline,2,generic_active,20260903,5002,False,False,False,False,0.03574718901412324,0.026000000000000002,0.0,-inf,0.067,0.14
0,baseline,2,task_aware_active,20260903,5002,True,False,False,True,0.004026233498292238,0.0029850468633666727,0.1993389073166024,0.008802648445303476,0.020970093726733342,0.04794018745346669
0,baseline,3,fixed,20260904,5003,False,False,False,False,0.01361580625111063,0.026000000000000002,0.0,-inf,0.067,0.14
0,baseline,3,generic_active,20260904,5003,False,False,False,False,0.01361580625111063,0.026000000000000002,0.0,-inf,0.067,0.14
0,baseline,3,task_aware_active,20260904,5003,True,False,False,True,0.003047037793192504,0.0029850468633666727,0.1993389073166024,0.004592370136515296,0.020970093726733342,0.04794018745346669
0,baseline,4,fixed,20260905,5004,False,False,False,False,0.0331204532666204,0.026000000000000002,0.0,-inf,0.067,0.14
0,baseline,4,generic_active,20260905,5004,False,False,False,False,0.0331204532666204,0.026000000000000002,0.0,-inf,0.067,0.14
0,baseline,4,task_aware_active,20260905,5004,True,False,False,True,0.004232391526140472,0.0029850468633666727,0.1993389073166024,0.0046024563455018454,0.020970093726733342,0.04794018745346669
0,baseline,5,fixed,20260906,5005,False,False,False,False,0.03248825771509104,0.026000000000000002,0.0,-inf,0.067,0.14
0,baseline,5,generic_active,20260906,5005,False,False,False,False,0.03248825771509104,0.026000000000000002,0.0,-inf,0.067,0.14
0,baseline,5,task_aware_active,20260906,5005,True,False,False,True,0.003527081213050385,0.0029850468633666727,0.1993389073166024,0.013343908669456823,0.020970093726733342,0.04794018745346669
0,baseline,6,fixed,20260907,5006,False,False,False,False,0.02594773232409617,0.026000000000000002,0.0,-inf,0.067,0.14
0,baseline,6,generic_active,20260907,5006,False,False,False,False,0.02594773232409617,0.026000000000000002,0.0,-inf,0.067,0.14
0,baseline,6,task_aware_active,20260907,5006,True,False,False,True,0.004510201731171777,0.0029850468633666727,0.1993389073166024,0.00995922287547187,0.020970093726733342,0.04794018745346669
0,baseline,7,fixed,20260908,5007,False,False,False,False,0.02814123947523269,0.026000000000000002,0.0,-inf,0.067,0.14
0,baseline,7,generic_active,20260908,5007,False,False,False,False,0.02814123947523269,0.026000000000000002,0.0,-inf,0.067,0.14
0,baseline,7,task_aware_active,20260908,5007,True,False,False,True,0.002730931861953746,0.0029850468633666727,0.1993389073166024,0.003926350806562456,0.020970093726733342,0.04794018745346669
0,baseline,8,fixed,20260909,5008,False,False,False,False,0.012792906826332067,0.026000000000000002,0.0,-inf,0.067,0.14
0,baseline,8,generic_active,20260909,5008,False,False,False,False,0.012792906826332067,0.026000000000000002,0.0,-inf,0.067,0.14
0,baseline,8,task_aware_active,20260909,5008,True,False,True,False,0.003911709133125176,0.0029850468633666727,0.1993389073166024,-0.0002468259410270627,0.020970093726733342,0.04794018745346669
0,baseline,9,fixed,20260910,5009,False,False,False,False,0.02104990440091234,0.026000000000000002,0.0,-inf,0.067,0.14
0,baseline,9,generic_active,20260910,5009,False,False,False,False,0.02104990440091234,0.026000000000000002,0.0,-inf,0.067,0.14
0,baseline,9,task_aware_active,20260910,5009,True,False,False,True,0.003354139310483638,0.0029850468633666727,0.1993389073166024,0.0032956257470493962,0.020970093726733342,0.04794018745346669
1,lateral_positive,0,fixed,20261901,6000,True,False,False,True,0.0020802064166318226,0.0029850468633666727,0.0,0.009552026527000315,0.020970093726733342,0.04794018745346669
1,lateral_positive,0,generic_active,20261901,6000,True,False,False,True,0.0020802064166318226,0.0029850468633666727,0.0,0.009552026527000315,0.020970093726733342,0.04794018745346669
1,lateral_positive,0,task_aware_active,20261901,6000,True,False,False,True,0.0020802064166318226,0.0029850468633666727,0.0,0.009552026527000315,0.020970093726733342,0.04794018745346669
1,lateral_positive,1,fixed,20261902,6001,True,False,False,True,0.004155734145315554,0.0029850468633666727,0.0,0.004994552477946749,0.020970093726733342,0.04794018745346669
1,lateral_positive,1,generic_active,20261902,6001,True,False,False,True,0.004155734145315554,0.0029850468633666727,0.0,0.004994552477946749,0.020970093726733342,0.04794018745346669
1,lateral_positive,1,task_aware_active,20261902,6001,True,False,False,True,0.004155734145315554,0.0029850468633666727,0.0,0.004994552477946749,0.020970093726733342,0.04794018745346669
1,lateral_positive,2,fixed,20261903,6002,True,False,False,True,0.005183381522719676,0.0029850468633666727,0.0,0.0027354730412193964,0.020970093726733342,0.04794018745346669
1,lateral_positive,2,generic_active,20261903,6002,True,False,False,True,0.005183381522719676,0.0029850468633666727,0.0,0.0027354730412193964,0.020970093726733342,0.04794018745346669
1,lateral_positive,2,task_aware_active,20261903,6002,True,False,False,True,0.005183381522719676,0.0029850468633666727,0.0,0.0027354730412193964,0.020970093726733342,0.04794018745346669
1,lateral_positive,3,fixed,20261904,6003,True,False,False,True,0.004424208432852062,0.0029850468633666727,0.0,0.007166130419966025,0.020970093726733342,0.04794018745346669
1,lateral_positive,3,generic_active,20261904,6003,True,False,False,True,0.004424208432852062,0.0029850468633666727,0.0,0.007166130419966025,0.020970093726733342,0.04794018745346669
1,lateral_positive,3,task_aware_active,20261904,6003,True,False,False,True,0.004424208432852062,0.0029850468633666727,0.0,0.007166130419966025,0.020970093726733342,0.04794018745346669
1,lateral_positive,4,fixed,20261905,6004,True,False,False,True,0.007614680976353322,0.0029850468633666727,0.0,0.007898234487037565,0.020970093726733342,0.04794018745346669
1,lateral_positive,4,generic_active,20261905,6004,True,False,False,True,0.007614680976353322,0.0029850468633666727,0.0,0.007898234487037565,0.020970093726733342,0.04794018745346669
1,lateral_positive,4,task_aware_active,20261905,6004,True,False,False,True,0.007614680976353322,0.0029850468633666727,0.0,0.007898234487037565,0.020970093726733342,0.04794018745346669
1,lateral_positive,5,fixed,20261906,6005,True,False,False,True,0.0056909088226033445,0.0029850468633666727,0.0,0.01142257122207587,0.020970093726733342,0.04794018745346669
1,lateral_positive,5,generic_active,20261906,6005,True,False,False,True,0.0056909088226033445,0.0029850468633666727,0.0,0.01142257122207587,0.020970093726733342,0.04794018745346669
1,lateral_positive,5,task_aware_active,20261906,6005,True,False,False,True,0.0056909088226033445,0.0029850468633666727,0.0,0.01142257122207587,0.020970093726733342,0.04794018745346669
1,lateral_positive,6,fixed,20261907,6006,True,False,False,True,0.006938272729699133,0.0029850468633666727,0.0,0.006161707449606658,0.020970093726733342,0.04794018745346669
1,lateral_positive,6,generic_active,20261907,6006,True,False,False,True,0.006938272729699133,0.0029850468633666727,0.0,0.006161707449606658,0.020970093726733342,0.04794018745346669
1,lateral_positive,6,task_aware_active,20261907,6006,True,False,False,True,0.006938272729699133,0.0029850468633666727,0.0,0.006161707449606658,0.020970093726733342,0.04794018745346669
1,lateral_positive,7,fixed,20261908,6007,True,False,False,True,0.003830897570800928,0.0029850468633666727,0.0,0.013913241836883776,0.020970093726733342,0.04794018745346669
1,lateral_positive,7,generic_active,20261908,6007,True,False,False,True,0.003830897570800928,0.0029850468633666727,0.0,0.013913241836883776,0.020970093726733342,0.04794018745346669
1,lateral_positive,7,task_aware_active,20261908,6007,True,False,False,True,0.003830897570800928,0.0029850468633666727,0.0,0.013913241836883776,0.020970093726733342,0.04794018745346669
1,lateral_positive,8,fixed,20261909,6008,True,False,False,True,0.0032690977271070468,0.0029850468633666727,0.0,0.009288923504974232,0.020970093726733342,0.04794018745346669
1,lateral_positive,8,generic_active,20261909,6008,True,False,False,True,0.0032690977271070468,0.0029850468633666727,0.0,0.009288923504974232,0.020970093726733342,0.04794018745346669
1,lateral_positive,8,task_aware_active,20261909,6008,True,False,False,True,0.0032690977271070468,0.0029850468633666727,0.0,0.009288923504974232,0.020970093726733342,0.04794018745346669
1,lateral_positive,9,fixed,20261910,6009,True,False,False,True,0.005513360629348308,0.0029850468633666727,0.0,0.006984087618913453,0.020970093726733342,0.04794018745346669
1,lateral_positive,9,generic_active,20261910,6009,True,False,False,True,0.005513360629348308,0.0029850468633666727,0.0,0.006984087618913453,0.020970093726733342,0.04794018745346669
1,lateral_positive,9,task_aware_active,20261910,6009,True,False,False,True,0.005513360629348308,0.0029850468633666727,0.0,0.006984087618913453,0.020970093726733342,0.04794018745346669
2,lateral_negative,0,fixed,20262901,7000,True,False,False,True,0.00496425181629598,0.0032375668825886986,0.0,0.004710805108014226,0.021475133765177394,0.048950267530354793
2,lateral_negative,0,generic_active,20262901,7000,True,False,False,True,0.00496425181629598,0.0032375668825886986,0.0,0.004710805108014226,0.021475133765177394,0.048950267530354793
2,lateral_negative,0,task_aware_active,20262901,7000,True,False,False,True,0.0047590902704042325,0.0030970156745426455,0.07296310404050822,0.003667066550614181,0.02119403134908529,0.048388062698170586
2,lateral_negative,1,fixed,20262902,7001,True,False,False,True,0.0036955454581338175,0.0032375668825886986,0.0,0.0053588474011617895,0.021475133765177394,0.048950267530354793
2,lateral_negative,1,generic_active,20262902,7001,True,False,False,True,0.0036955454581338175,0.0032375668825886986,0.0,0.0053588474011617895,0.021475133765177394,0.048950267530354793
2,lateral_negative,1,task_aware_active,20262902,7001,True,False,False,True,0.0035734798596618804,0.0030970156745426455,0.07296310404050822,0.0053588474011617895,0.02119403134908529,0.048388062698170586
2,lateral_negative,2,fixed,20262903,7002,True,False,False,True,0.003908527558457614,0.0032375668825886986,0.0,0.007696947588872521,0.021475133765177394,0.048950267530354793
2,lateral_negative,2,generic_active,20262903,7002,True,False,False,True,0.003908527558457614,0.0032375668825886986,0.0,0.007696947588872521,0.021475133765177394,0.048950267530354793
2,lateral_negative,2,task_aware_active,20262903,7002,True,False,False,True,0.0037246075186459066,0.0030970156745426455,0.07296310404050822,0.007696947588872521,0.02119403134908529,0.048388062698170586
2,lateral_negative,3,fixed,20262904,7003,True,False,False,True,0.0041155176111022295,0.0032375668825886986,0.0,0.00454349584005361,0.021475133765177394,0.048950267530354793
2,lateral_negative,3,generic_active,20262904,7003,True,False,False,True,0.0041155176111022295,0.0032375668825886986,0.0,0.00454349584005361,0.021475133765177394,0.048950267530354793
2,lateral_negative,3,task_aware_active,20262904,7003,True,False,False,True,0.003987245316913806,0.0030970156745426455,0.07296310404050822,0.0043342108245203095,0.02119403134908529,0.048388062698170586
2,lateral_negative,4,fixed,20262905,7004,True,False,False,True,0.003060323439807269,0.0032375668825886986,0.0,0.006512578804548195,0.021475133765177394,0.048950267530354793
2,lateral_negative,4,generic_active,20262905,7004,True,False,False,True,0.003060323439807269,0.0032375668825886986,0.0,0.006512578804548195,0.021475133765177394,0.048950267530354793
2,lateral_negative,4,task_aware_active,20262905,7004,True,False,False,True,0.002933820538293969,0.0030970156745426455,0.07296310404050822,0.006512578804548195,0.02119403134908529,0.048388062698170586
2,lateral_negative,5,fixed,20262906,7005,True,False,False,True,0.005430985877536282,0.0032375668825886986,0.0,0.0037411807988864936,0.021475133765177394,0.048950267530354793
2,lateral_negative,5,generic_active,20262906,7005,True,False,False,True,0.005430985877536282,0.0032375668825886986,0.0,0.0037411807988864936,0.021475133765177394,0.048950267530354793
2,lateral_negative,5,task_aware_active,20262906,7005,True,False,False,True,0.005174671391798554,0.0030970156745426455,0.07296310404050822,0.0037411807988864936,0.02119403134908529,0.048388062698170586
2,lateral_negative,6,fixed,20262907,7006,True,False,False,True,0.008296031893961827,0.0032375668825886986,0.0,0.005201349866737507,0.021475133765177394,0.048950267530354793
2,lateral_negative,6,generic_active,20262907,7006,True,False,False,True,0.008296031893961827,0.0032375668825886986,0.0,0.005201349866737507,0.021475133765177394,0.048950267530354793
2,lateral_negative,6,task_aware_active,20262907,7006,True,False,False,True,0.00781249236552335,0.0030970156745426455,0.07296310404050822,0.005201349866737507,0.02119403134908529,0.048388062698170586
2,lateral_negative,7,fixed,20262908,7007,True,False,False,True,0.008564104793028462,0.0032375668825886986,0.0,0.0035237888416897647,0.021475133765177394,0.048950267530354793
2,lateral_negative,7,generic_active,20262908,7007,True,False,False,True,0.008564104793028462,0.0032375668825886986,0.0,0.0035237888416897647,0.021475133765177394,0.048950267530354793
2,lateral_negative,7,task_aware_active,20262908,7007,True,False,False,True,0.008203465283494058,0.0030970156745426455,0.07296310404050822,0.0035237888416897647,0.02119403134908529,0.048388062698170586
2,lateral_negative,8,fixed,20262909,7008,True,False,False,True,0.005087672065675101,0.0032375668825886986,0.0,0.008756603551346739,0.021475133765177394,0.048950267530354793
2,lateral_negative,8,generic_active,20262909,7008,True,False,False,True,0.005087672065675101,0.0032375668825886986,0.0,0.008756603551346739,0.021475133765177394,0.048950267530354793
2,lateral_negative,8,task_aware_active,20262909,7008,True,False,False,True,0.004935288151260519,0.0030970156745426455,0.07296310404050822,0.008756603551346739,0.02119403134908529,0.048388062698170586
2,lateral_negative,9,fixed,20262910,7009,True,False,False,True,0.0035783143683242287,0.0032375668825886986,0.0,0.003714040819841972,0.021475133765177394,0.048950267530354793
2,lateral_negative,9,generic_active,20262910,7009,True,False,False,True,0.0035783143683242287,0.0032375668825886986,0.0,0.003714040819841972,0.021475133765177394,0.048950267530354793
2,lateral_negative,9,task_aware_active,20262910,7009,True,False,False,True,0.003456017485852521,0.0030970156745426455,0.07296310404050822,0.003714040819841972,0.02119403134908529,0.048388062698170586
3,superior_shift,0,fixed,20263901,8000,False,False,False,False,0.034847165056647034,0.026000000000000002,0.0,-inf,0.067,0.14
3,superior_shift,0,generic_active,20263901,8000,False,False,False,False,0.034847165056647034,0.026000000000000002,0.0,-inf,0.067,0.14
3,superior_shift,0,task_aware_active,20263901,8000,True,False,False,True,0.004071594114850384,0.003058118045019235,0.09153744774286736,0.01008068808730509,0.02111623609003847,0.04823247218007694
3,superior_shift,1,fixed,20263902,8001,False,False,False,False,0.028618874134939885,0.026000000000000002,0.0,-inf,0.067,0.14
3,superior_shift,1,generic_active,20263902,8001,False,False,False,False,0.028618874134939885,0.026000000000000002,0.0,-inf,0.067,0.14
3,superior_shift,1,task_aware_active,20263902,8001,True,False,False,True,0.0036230090144958446,0.003058118045019235,0.09153744774286736,0.00829897694249864,0.02111623609003847,0.04823247218007694
3,superior_shift,2,fixed,20263903,8002,False,False,False,False,0.027439606604177276,0.026000000000000002,0.0,-inf,0.067,0.14
3,superior_shift,2,generic_active,20263903,8002,False,False,False,False,0.027439606604177276,0.026000000000000002,0.0,-inf,0.067,0.14
3,superior_shift,2,task_aware_active,20263903,8002,True,False,False,True,0.0027336537239620574,0.003058118045019235,0.09153744774286736,0.003968516279922804,0.02111623609003847,0.04823247218007694
3,superior_shift,3,fixed,20263904,8003,False,False,False,False,0.03814057434387515,0.026000000000000002,0.0,-inf,0.067,0.14
3,superior_shift,3,generic_active,20263904,8003,False,False,False,False,0.03814057434387515,0.026000000000000002,0.0,-inf,0.067,0.14
3,superior_shift,3,task_aware_active,20263904,8003,True,False,False,True,0.00466794545447028,0.003058118045019235,0.09153744774286736,0.004849535078556786,0.02111623609003847,0.04823247218007694
3,superior_shift,4,fixed,20263905,8004,False,False,False,False,0.03114062298168699,0.026000000000000002,0.0,-inf,0.067,0.14
3,superior_shift,4,generic_active,20263905,8004,False,False,False,False,0.03114062298168699,0.026000000000000002,0.0,-inf,0.067,0.14
3,superior_shift,4,task_aware_active,20263905,8004,True,False,False,True,0.003178729703131556,0.003058118045019235,0.09153744774286736,0.006478754073826634,0.02111623609003847,0.04823247218007694
3,superior_shift,5,fixed,20263906,8005,False,False,False,False,0.029904087599928752,0.026000000000000002,0.0,-inf,0.067,0.14
3,superior_shift,5,generic_active,20263906,8005,False,False,False,False,0.029904087599928752,0.026000000000000002,0.0,-inf,0.067,0.14
3,superior_shift,5,task_aware_active,20263906,8005,True,False,False,True,0.005276756430596508,0.003058118045019235,0.09153744774286736,0.005532297606063724,0.02111623609003847,0.04823247218007694
3,superior_shift,6,fixed,20263907,8006,False,False,False,False,0.0758195595594155,0.026000000000000002,0.0,-inf,0.067,0.14
3,superior_shift,6,generic_active,20263907,8006,False,False,False,False,0.0758195595594155,0.026000000000000002,0.0,-inf,0.067,0.14
3,superior_shift,6,task_aware_active,20263907,8006,True,False,False,True,0.007405122102474808,0.003058118045019235,0.09153744774286736,0.008542187054700804,0.02111623609003847,0.04823247218007694
3,superior_shift,7,fixed,20263908,8007,True,False,False,True,0.04364785694820966,0.026000000000000002,0.0,0.005317449380013625,0.067,0.14
3,superior_shift,7,generic_active,20263908,8007,True,False,False,True,0.04364785694820966,0.026000000000000002,0.0,0.005317449380013625,0.067,0.14
3,superior_shift,7,task_aware_active,20263908,8007,True,False,False,True,0.004328372508963757,0.003058118045019235,0.09153744774286736,0.004992053419699797,0.02111623609003847,0.04823247218007694
3,superior_shift,8,fixed,20263909,8008,False,False,False,False,0.042666143851806254,0.026000000000000002,0.0,-inf,0.067,0.14
3,superior_shift,8,generic_active,20263909,8008,False,False,False,False,0.042666143851806254,0.026000000000000002,0.0,-inf,0.067,0.14
3,superior_shift,8,task_aware_active,20263909,8008,True,False,False,True,0.004926356513059083,0.003058118045019235,0.09153744774286736,0.002999404203365903,0.02111623609003847,0.04823247218007694
3,superior_shift,9,fixed,20263910,8009,False,False,False,False,0.050937249196235025,0.026000000000000002,0.0,-inf,0.067,0.14
3,superior_shift,9,generic_active,20263910,8009,False,False,False,False,0.050937249196235025,0.026000000000000002,0.0,-inf,0.067,0.14
3,superior_shift,9,task_aware_active,20263910,8009,True,False,False,True,0.005103585413889965,0.003058118045019235,0.09153744774286736,0.0032515060949961216,0.02111623609003847,0.04823247218007694
4,larger_anatomy,0,fixed,20264901,9000,False,False,False,False,0.02339541948073394,0.026000000000000002,0.0,-inf,0.067,0.14250000000000002
4,larger_anatomy,0,generic_active,20264901,9000,False,False,False,False,0.02339541948073394,0.026000000000000002,0.0,-inf,0.067,0.14250000000000002
4,larger_anatomy,0,task_aware_active,20264901,9000,True,False,False,True,0.0039022998173888633,0.0029850468633666727,0.21213203435596428,0.004046404849063002,0.020970093726733342,0.05044018745346669
4,larger_anatomy,1,fixed,20264902,9001,False,False,False,False,0.03659008791740887,0.026000000000000002,0.0,-inf,0.067,0.14250000000000002
4,larger_anatomy,1,generic_active,20264902,9001,False,False,False,False,0.03659008791740887,0.026000000000000002,0.0,-inf,0.067,0.14250000000000002
4,larger_anatomy,1,task_aware_active,20264902,9001,True,False,False,True,0.004298146499251249,0.0029850468633666727,0.21213203435596428,0.006941296614868605,0.020970093726733342,0.05044018745346669
4,larger_anatomy,2,fixed,20264903,9002,True,False,False,True,0.05827730000804672,0.026000000000000002,0.0,0.005608510729219645,0.067,0.14250000000000002
4,larger_anatomy,2,generic_active,20264903,9002,True,False,False,True,0.05827730000804672,0.026000000000000002,0.0,0.005608510729219645,0.067,0.14250000000000002
4,larger_anatomy,2,task_aware_active,20264903,9002,True,False,False,True,0.005957730370680821,0.0029850468633666727,0.21213203435596428,0.005934315713323769,0.020970093726733342,0.05044018745346669
4,larger_anatomy,3,fixed,20264904,9003,False,False,False,False,0.02291943088118828,0.026000000000000002,0.0,-inf,0.067,0.14250000000000002
4,larger_anatomy,3,generic_active,20264904,9003,False,False,False,False,0.02291943088118828,0.026000000000000002,0.0,-inf,0.067,0.14250000000000002
4,larger_anatomy,3,task_aware_active,20264904,9003,True,False,False,True,0.003767728454025581,0.0029850468633666727,0.21213203435596428,0.0014263728852044657,0.020970093726733342,0.05044018745346669
4,larger_anatomy,4,fixed,20264905,9004,False,False,False,False,0.04735591159824301,0.026000000000000002,0.0,-inf,0.067,0.14250000000000002
4,larger_anatomy,4,generic_active,20264905,9004,False,False,False,False,0.04735591159824301,0.026000000000000002,0.0,-inf,0.067,0.14250000000000002
4,larger_anatomy,4,task_aware_active,20264905,9004,True,False,False,True,0.004959040268344164,0.0029850468633666727,0.21213203435596428,0.002766648724127572,0.020970093726733342,0.05044018745346669
4,larger_anatomy,5,fixed,20264906,9005,False,False,False,False,0.03575119615648236,0.026000000000000002,0.0,-inf,0.067,0.14250000000000002
4,larger_anatomy,5,generic_active,20264906,9005,False,False,False,False,0.03575119615648236,0.026000000000000002,0.0,-inf,0.067,0.14250000000000002
4,larger_anatomy,5,task_aware_active,20264906,9005,True,False,False,True,0.004205816493094962,0.0029850468633666727,0.21213203435596428,0.004773213726112167,0.020970093726733342,0.05044018745346669
4,larger_anatomy,6,fixed,20264907,9006,False,False,False,False,0.021758923427661253,0.026000000000000002,0.0,-inf,0.067,0.14250000000000002
4,larger_anatomy,6,generic_active,20264907,9006,False,False,False,False,0.021758923427661253,0.026000000000000002,0.0,-inf,0.067,0.14250000000000002
4,larger_anatomy,6,task_aware_active,20264907,9006,True,False,False,True,0.0028902665219633196,0.0029850468633666727,0.21213203435596428,0.006754368124169017,0.020970093726733342,0.05044018745346669
4,larger_anatomy,7,fixed,20264908,9007,False,False,False,False,0.023760884059879434,0.026000000000000002,0.0,-inf,0.067,0.14250000000000002
4,larger_anatomy,7,generic_active,20264908,9007,False,False,False,False,0.023760884059879434,0.026000000000000002,0.0,-inf,0.067,0.14250000000000002
4,larger_anatomy,7,task_aware_active,20264908,9007,True,False,False,True,0.002623591161677769,0.0029850468633666727,0.21213203435596428,0.0053654777540394615,0.020970093726733342,0.05044018745346669
4,larger_anatomy,8,fixed,20264909,9008,False,False,False,False,0.012981649888119498,0.026000000000000002,0.0,-inf,0.067,0.14250000000000002
4,larger_anatomy,8,generic_active,20264909,9008,False,False,False,False,0.012981649888119498,0.026000000000000002,0.0,-inf,0.067,0.14250000000000002
4,larger_anatomy,8,task_aware_active,20264909,9008,True,False,False,True,0.0027314929825826995,0.0029850468633666727,0.21213203435596428,0.009287374806260558,0.020970093726733342,0.05044018745346669
4,larger_anatomy,9,fixed,20264910,9009,False,False,False,False,0.036409188209036145,0.026000000000000002,0.0,-inf,0.067,0.14250000000000002
4,larger_anatomy,9,generic_active,20264910,9009,False,False,False,False,0.036409188209036145,0.026000000000000002,0.0,-inf,0.067,0.14250000000000002
4,larger_anatomy,9,task_aware_active,20264910,9009,True,False,False,True,0.004642888387398823,0.0029850468633666727,0.21213203435596428,0.008294611600305151,0.020970093726733342,0.05044018745346669
5,smaller_anatomy,0,fixed,20265901,10000,True,False,False,True,0.0036776212887463904,0.0030015377255648884,0.0,0.005340383081287229,0.021003075451129775,0.045506150902259554
5,smaller_anatomy,0,generic_active,20265901,10000,True,False,False,True,0.0036776212887463904,0.0030015377255648884,0.0,0.005340383081287229,0.021003075451129775,0.045506150902259554
5,smaller_anatomy,0,task_aware_active,20265901,10000,True,False,False,True,0.0036776212887463904,0.0030015377255648884,0.0,0.005340383081287229,0.021003075451129775,0.045506150902259554
5,smaller_anatomy,1,fixed,20265902,10001,True,False,False,True,0.0033956649818789627,0.0030015377255648884,0.0,0.002401150970057808,0.021003075451129775,0.045506150902259554
5,smaller_anatomy,1,generic_active,20265902,10001,True,False,False,True,0.0033956649818789627,0.0030015377255648884,0.0,0.002401150970057808,0.021003075451129775,0.045506150902259554
5,smaller_anatomy,1,task_aware_active,20265902,10001,True,False,False,True,0.0033956649818789627,0.0030015377255648884,0.0,0.002401150970057808,0.021003075451129775,0.045506150902259554
5,smaller_anatomy,2,fixed,20265903,10002,True,False,False,True,0.005886826290413998,0.0030015377255648884,0.0,0.005106717435183884,0.021003075451129775,0.045506150902259554
5,smaller_anatomy,2,generic_active,20265903,10002,True,False,False,True,0.005886826290413998,0.0030015377255648884,0.0,0.005106717435183884,0.021003075451129775,0.045506150902259554
5,smaller_anatomy,2,task_aware_active,20265903,10002,True,False,False,True,0.005886826290413998,0.0030015377255648884,0.0,0.005106717435183884,0.021003075451129775,0.045506150902259554
5,smaller_anatomy,3,fixed,20265904,10003,True,False,False,True,0.0051151504402976375,0.0030015377255648884,0.0,0.0066364928103102,0.021003075451129775,0.045506150902259554
5,smaller_anatomy,3,generic_active,20265904,10003,True,False,False,True,0.0051151504402976375,0.0030015377255648884,0.0,0.0066364928103102,0.021003075451129775,0.045506150902259554
5,smaller_anatomy,3,task_aware_active,20265904,10003,True,False,False,True,0.0051151504402976375,0.0030015377255648884,0.0,0.0066364928103102,0.021003075451129775,0.045506150902259554
5,smaller_anatomy,4,fixed,20265905,10004,True,False,False,True,0.004627804050449887,0.0030015377255648884,0.0,0.00769840965073852,0.021003075451129775,0.045506150902259554
5,smaller_anatomy,4,generic_active,20265905,10004,True,False,False,True,0.004627804050449887,0.0030015377255648884,0.0,0.00769840965073852,0.021003075451129775,0.045506150902259554
5,smaller_anatomy,4,task_aware_active,20265905,10004,True,False,False,True,0.004627804050449887,0.0030015377255648884,0.0,0.00769840965073852,0.021003075451129775,0.045506150902259554
5,smaller_anatomy,5,fixed,20265906,10005,True,False,False,True,0.004296888053676052,0.0030015377255648884,0.0,0.0021460486409693082,0.021003075451129775,0.045506150902259554
5,smaller_anatomy,5,generic_active,20265906,10005,True,False,False,True,0.004296888053676052,0.0030015377255648884,0.0,0.0021460486409693082,0.021003075451129775,0.045506150902259554
5,smaller_anatomy,5,task_aware_active,20265906,10005,True,False,False,True,0.004296888053676052,0.0030015377255648884,0.0,0.0021460486409693082,0.021003075451129775,0.045506150902259554
5,smaller_anatomy,6,fixed,20265907,10006,True,False,False,True,0.00316856711472462,0.0030015377255648884,0.0,0.0062517624938377755,0.021003075451129775,0.045506150902259554
5,smaller_anatomy,6,generic_active,20265907,10006,True,False,False,True,0.00316856711472462,0.0030015377255648884,0.0,0.0062517624938377755,0.021003075451129775,0.045506150902259554
5,smaller_anatomy,6,task_aware_active,20265907,10006,True,False,False,True,0.00316856711472462,0.0030015377255648884,0.0,0.0062517624938377755,0.021003075451129775,0.045506150902259554
5,smaller_anatomy,7,fixed,20265908,10007,True,False,False,True,0.009922276149027425,0.0030015377255648884,0.0,0.004766292186510706,0.021003075451129775,0.045506150902259554
5,smaller_anatomy,7,generic_active,20265908,10007,True,False,False,True,0.009922276149027425,0.0030015377255648884,0.0,0.004766292186510706,0.021003075451129775,0.045506150902259554
5,smaller_anatomy,7,task_aware_active,20265908,10007,True,False,False,True,0.009922276149027425,0.0030015377255648884,0.0,0.004766292186510706,0.021003075451129775,0.045506150902259554
5,smaller_anatomy,8,fixed,20265909,10008,True,False,False,True,0.0033111459655398075,0.0030015377255648884,0.0,0.006487833148140684,0.021003075451129775,0.045506150902259554
5,smaller_anatomy,8,generic_active,20265909,10008,True,False,False,True,0.0033111459655398075,0.0030015377255648884,0.0,0.006487833148140684,0.021003075451129775,0.045506150902259554
5,smaller_anatomy,8,task_aware_active,20265909,10008,True,False,False,True,0.0033111459655398075,0.0030015377255648884,0.0,0.006487833148140684,0.021003075451129775,0.045506150902259554
5,smaller_anatomy,9,fixed,20265910,10009,True,False,False,True,0.004596691429152455,0.0030015377255648884,0.0,0.004160442092807316,0.021003075451129775,0.045506150902259554
5,smaller_anatomy,9,generic_active,20265910,10009,True,False,False,True,0.004596691429152455,0.0030015377255648884,0.0,0.004160442092807316,0.021003075451129775,0.045506150902259554
5,smaller_anatomy,9,task_aware_active,20265910,10009,True,False,False,True,0.004596691429152455,0.0030015377255648884,0.0,0.004160442092807316,0.021003075451129775,0.045506150902259554
6,larger_safety_margin,0,fixed,20266901,11000,True,False,False,True,0.004933168502106615,0.0032602422452589464,0.0,0.00745001044738614,0.024520484490517892,0.05204096898103579
6,larger_safety_margin,0,generic_active,20266901,11000,True,False,False,True,0.004933168502106615,0.0032602422452589464,0.0,0.00745001044738614,0.024520484490517892,0.05204096898103579
6,larger_safety_margin,0,task_aware_active,20266901,11000,True,False,False,True,0.004741463829919735,0.003117711648907182,0.07764571353075626,0.00745001044738614,0.024235423297814362,0.05147084659562873
6,larger_safety_margin,1,fixed,20266902,11001,True,False,True,False,0.008547188330313591,0.0032602422452589464,0.0,-0.0007757395164989401,0.024520484490517892,0.05204096898103579
6,larger_safety_margin,1,generic_active,20266902,11001,True,False,True,False,0.008547188330313591,0.0032602422452589464,0.0,-0.0007757395164989401,0.024520484490517892,0.05204096898103579
6,larger_safety_margin,1,task_aware_active,20266902,11001,True,False,True,False,0.008167880173153123,0.003117711648907182,0.07764571353075626,-0.0007757395164989401,0.024235423297814362,0.05147084659562873
6,larger_safety_margin,2,fixed,20266903,11002,True,False,False,True,0.006416667653328498,0.0032602422452589464,0.0,0.0020687057328852686,0.024520484490517892,0.05204096898103579
6,larger_safety_margin,2,generic_active,20266903,11002,True,False,False,True,0.006416667653328498,0.0032602422452589464,0.0,0.0020687057328852686,0.024520484490517892,0.05204096898103579
6,larger_safety_margin,2,task_aware_active,20266903,11002,True,False,False,True,0.006107524888953774,0.003117711648907182,0.07764571353075626,0.0020687057328852686,0.024235423297814362,0.05147084659562873
6,larger_safety_margin,3,fixed,20266904,11003,True,False,False,True,0.005829498681666554,0.0032602422452589464,0.0,0.0034867277933557147,0.024520484490517892,0.05204096898103579
6,larger_safety_margin,3,generic_active,20266904,11003,True,False,False,True,0.005829498681666554,0.0032602422452589464,0.0,0.0034867277933557147,0.024520484490517892,0.05204096898103579
6,larger_safety_margin,3,task_aware_active,20266904,11003,True,False,False,True,0.005522140719970173,0.003117711648907182,0.07764571353075626,0.00568565339262434,0.024235423297814362,0.05147084659562873
6,larger_safety_margin,4,fixed,20266905,11004,True,False,False,True,0.003535989784972751,0.0032602422452589464,0.0,0.0036544778507352337,0.024520484490517892,0.05204096898103579
6,larger_safety_margin,4,generic_active,20266905,11004,True,False,False,True,0.003535989784972751,0.0032602422452589464,0.0,0.0036544778507352337,0.024520484490517892,0.05204096898103579
6,larger_safety_margin,4,task_aware_active,20266905,11004,True,False,False,True,0.0033372691226312683,0.003117711648907182,0.07764571353075626,0.0036544778507352337,0.024235423297814362,0.05147084659562873
6,larger_safety_margin,5,fixed,20266906,11005,True,False,False,True,0.006293690908993352,0.0032602422452589464,0.0,0.005947605842848062,0.024520484490517892,0.05204096898103579
6,larger_safety_margin,5,generic_active,20266906,11005,True,False,False,True,0.006293690908993352,0.0032602422452589464,0.0,0.005947605842848062,0.024520484490517892,0.05204096898103579
6,larger_safety_margin,5,task_aware_active,20266906,11005,True,False,False,True,0.0059713450653950916,0.003117711648907182,0.07764571353075626,0.005947605842848062,0.024235423297814362,0.05147084659562873
6,larger_safety_margin,6,fixed,20266907,11006,True,False,False,True,0.008399645367138428,0.0032602422452589464,0.0,0.005949350219671709,0.024520484490517892,0.05204096898103579
6,larger_safety_margin,6,generic_active,20266907,11006,True,False,False,True,0.008399645367138428,0.0032602422452589464,0.0,0.005949350219671709,0.024520484490517892,0.05204096898103579
6,larger_safety_margin,6,task_aware_active,20266907,11006,True,False,False,True,0.008011224050413374,0.003117711648907182,0.07764571353075626,0.005949350219671709,0.024235423297814362,0.05147084659562873
6,larger_safety_margin,7,fixed,20266908,11007,True,False,False,True,0.005575728505917566,0.0032602422452589464,0.0,0.005259927694453109,0.024520484490517892,0.05204096898103579
6,larger_safety_margin,7,generic_active,20266908,11007,True,False,False,True,0.005575728505917566,0.0032602422452589464,0.0,0.005259927694453109,0.024520484490517892,0.05204096898103579
6,larger_safety_margin,7,task_aware_active,20266908,11007,True,False,False,True,0.0053331591305402284,0.003117711648907182,0.07764571353075626,0.005259927694453109,0.024235423297814362,0.05147084659562873
6,larger_safety_margin,8,fixed,20266909,11008,True,False,False,True,0.004348076467862206,0.0032602422452589464,0.0,0.006790732126594706,0.024520484490517892,0.05204096898103579
6,larger_safety_margin,8,generic_active,20266909,11008,True,False,False,True,0.004348076467862206,0.0032602422452589464,0.0,0.006790732126594706,0.024520484490517892,0.05204096898103579
6,larger_safety_margin,8,task_aware_active,20266909,11008,True,False,False,True,0.004148742926204624,0.003117711648907182,0.07764571353075626,0.006790732126594706,0.024235423297814362,0.05147084659562873
6,larger_safety_margin,9,fixed,20266910,11009,True,False,False,True,0.007213557469994046,0.0032602422452589464,0.0,0.0013005353632103474,0.024520484490517892,0.05204096898103579
6,larger_safety_margin,9,generic_active,20266910,11009,True,False,False,True,0.007213557469994046,0.0032602422452589464,0.0,0.0013005353632103474,0.024520484490517892,0.05204096898103579
6,larger_safety_margin,9,task_aware_active,20266910,11009,True,False,False,True,0.006878746614249427,0.003117711648907182,0.07764571353075626,0.0007001893559910235,0.024235423297814362,0.05147084659562873
7,partial_occlusion,0,fixed,20267901,12000,False,False,False,False,0.05610104589902185,0.03,0.0,-inf,0.075,0.1
7,partial_occlusion,0,generic_active,20267901,12000,True,False,False,True,0.005904316101107078,0.002908244629945234,0.0520944533000791,0.006215945353262009,0.020816489259890467,0.04763297851978093
7,partial_occlusion,0,task_aware_active,20267901,12000,True,False,False,True,0.005904316101107078,0.002908244629945234,0.0520944533000791,0.006215945353262009,0.020816489259890467,0.04763297851978093
7,partial_occlusion,1,fixed,20267902,12001,False,False,False,False,0.05096607019177983,0.03,0.0,-inf,0.075,0.1
7,partial_occlusion,1,generic_active,20267902,12001,True,False,False,True,0.004925833484514229,0.002908244629945234,0.0520944533000791,0.004802181726924875,0.020816489259890467,0.04763297851978093
7,partial_occlusion,1,task_aware_active,20267902,12001,True,False,False,True,0.004925833484514229,0.002908244629945234,0.0520944533000791,0.004802181726924875,0.020816489259890467,0.04763297851978093
7,partial_occlusion,2,fixed,20267903,12002,False,False,False,False,0.04380951369727033,0.03,0.0,-inf,0.075,0.1
7,partial_occlusion,2,generic_active,20267903,12002,True,False,False,True,0.004179772172854979,0.002908244629945234,0.0520944533000791,0.01354407475136253,0.020816489259890467,0.04763297851978093
7,partial_occlusion,2,task_aware_active,20267903,12002,True,False,False,True,0.004179772172854979,0.002908244629945234,0.0520944533000791,0.01354407475136253,0.020816489259890467,0.04763297851978093
7,partial_occlusion,3,fixed,20267904,12003,False,False,False,False,0.05679516994863454,0.03,0.0,-inf,0.075,0.1
7,partial_occlusion,3,generic_active,20267904,12003,True,False,False,True,0.004966803329835566,0.002908244629945234,0.0520944533000791,0.003102833770225367,0.020816489259890467,0.04763297851978093
7,partial_occlusion,3,task_aware_active,20267904,12003,True,False,False,True,0.004966803329835566,0.002908244629945234,0.0520944533000791,0.003102833770225367,0.020816489259890467,0.04763297851978093
7,partial_occlusion,4,fixed,20267905,12004,False,False,False,False,0.041257552538269154,0.03,0.0,-inf,0.075,0.1
7,partial_occlusion,4,generic_active,20267905,12004,True,False,False,True,0.004257913872205195,0.002908244629945234,0.0520944533000791,0.0074242826313811305,0.020816489259890467,0.04763297851978093
7,partial_occlusion,4,task_aware_active,20267905,12004,True,False,False,True,0.004257913872205195,0.002908244629945234,0.0520944533000791,0.0074242826313811305,0.020816489259890467,0.04763297851978093
7,partial_occlusion,5,fixed,20267906,12005,True,False,False,True,0.061848455580199885,0.03,0.0,0.015690663092662913,0.075,0.1
7,partial_occlusion,5,generic_active,20267906,12005,True,False,False,True,0.006472570030062471,0.002908244629945234,0.0520944533000791,0.003452408917944008,0.020816489259890467,0.04763297851978093
7,partial_occlusion,5,task_aware_active,20267906,12005,True,False,False,True,0.006472570030062471,0.002908244629945234,0.0520944533000791,0.003452408917944008,0.020816489259890467,0.04763297851978093
7,partial_occlusion,6,fixed,20267907,12006,False,False,False,False,0.05321202199566195,0.03,0.0,-inf,0.075,0.1
7,partial_occlusion,6,generic_active,20267907,12006,True,False,False,True,0.005576754973445479,0.002908244629945234,0.0520944533000791,0.003945158404119629,0.020816489259890467,0.04763297851978093
7,partial_occlusion,6,task_aware_active,20267907,12006,True,False,False,True,0.005576754973445479,0.002908244629945234,0.0520944533000791,0.003945158404119629,0.020816489259890467,0.04763297851978093
7,partial_occlusion,7,fixed,20267908,12007,False,False,False,False,0.0430822148299601,0.03,0.0,-inf,0.075,0.1
7,partial_occlusion,7,generic_active,20267908,12007,True,False,False,True,0.005061353864411233,0.002908244629945234,0.0520944533000791,0.00457752293175352,0.020816489259890467,0.04763297851978093
7,partial_occlusion,7,task_aware_active,20267908,12007,True,False,False,True,0.005061353864411233,0.002908244629945234,0.0520944533000791,0.00457752293175352,0.020816489259890467,0.04763297851978093
7,partial_occlusion,8,fixed,20267909,12008,False,False,False,False,0.062352583010314794,0.03,0.0,-inf,0.075,0.1
7,partial_occlusion,8,generic_active,20267909,12008,True,False,False,True,0.006597328107963001,0.002908244629945234,0.0520944533000791,0.0017287967622177224,0.020816489259890467,0.04763297851978093
7,partial_occlusion,8,task_aware_active,20267909,12008,True,False,False,True,0.006597328107963001,0.002908244629945234,0.0520944533000791,0.0017287967622177224,0.020816489259890467,0.04763297851978093
7,partial_occlusion,9,fixed,20267910,12009,False,False,False,False,0.032974480890566524,0.03,0.0,-inf,0.075,0.1
7,partial_occlusion,9,generic_active,20267910,12009,True,False,False,True,0.0030439757562263784,0.002908244629945234,0.0520944533000791,0.0067879026886601464,0.020816489259890467,0.04763297851978093
7,partial_occlusion,9,task_aware_active,20267910,12009,True,False,False,True,0.0030439757562263784,0.002908244629945234,0.0520944533000791,0.0067879026886601464,0.020816489259890467,0.04763297851978093
8,strong_occlusion,0,fixed,20268901,13000,False,False,False,False,0.051446523197855136,0.04,0.0,-inf,0.095,0.14
8,strong_occlusion,0,generic_active,20268901,13000,False,False,False,False,0.03349681500134128,0.026000000000000002,0.0520944533000791,-inf,0.067,0.14
8,strong_occlusion,0,task_aware_active,20268901,13000,True,False,False,True,0.003722325540069557,0.0028937038504406277,0.24413930440481207,0.005494378049916931,0.020787407700881257,0.04757481540176251
8,strong_occlusion,1,fixed,20268902,13001,False,False,False,False,0.08279473244288733,0.04,0.0,-inf,0.095,0.14
8,strong_occlusion,1,generic_active,20268902,13001,False,False,False,False,0.05742107715361444,0.026000000000000002,0.0520944533000791,-inf,0.067,0.14
8,strong_occlusion,1,task_aware_active,20268902,13001,True,False,False,True,0.006024658291834995,0.0028937038504406277,0.24413930440481207,0.0027896248077710333,0.020787407700881257,0.04757481540176251
8,strong_occlusion,2,fixed,20268903,13002,False,False,False,False,0.03951082218234614,0.04,0.0,-inf,0.095,0.14
8,strong_occlusion,2,generic_active,20268903,13002,False,False,False,False,0.02389498093220691,0.026000000000000002,0.0520944533000791,-inf,0.067,0.14
8,strong_occlusion,2,task_aware_active,20268903,13002,True,False,False,True,0.0028409271317587997,0.0028937038504406277,0.24413930440481207,0.002851158811644298,0.020787407700881257,0.04757481540176251
8,strong_occlusion,3,fixed,20268904,13003,False,False,False,False,0.07885690037976091,0.04,0.0,-inf,0.095,0.14
8,strong_occlusion,3,generic_active,20268904,13003,False,False,False,False,0.05123303469167191,0.026000000000000002,0.0520944533000791,-inf,0.067,0.14
8,strong_occlusion,3,task_aware_active,20268904,13003,True,False,False,True,0.005704479863714048,0.0028937038504406277,0.24413930440481207,0.004629597746608349,0.020787407700881257,0.04757481540176251
8,strong_occlusion,4,fixed,20268905,13004,False,False,False,False,0.06414253885930804,0.04,0.0,-inf,0.095,0.14
8,strong_occlusion,4,generic_active,20268905,13004,False,False,False,False,0.037997644986099754,0.026000000000000002,0.0520944533000791,-inf,0.067,0.14
8,strong_occlusion,4,task_aware_active,20268905,13004,True,False,False,True,0.0046042847808088466,0.0028937038504406277,0.24413930440481207,0.0008131007863950695,0.020787407700881257,0.04757481540176251
8,strong_occlusion,5,fixed,20268906,13005,False,False,False,False,0.08524063277377351,0.04,0.0,-inf,0.095,0.14
8,strong_occlusion,5,generic_active,20268906,13005,False,False,False,False,0.057652664858641386,0.026000000000000002,0.0520944533000791,-inf,0.067,0.14
8,strong_occlusion,5,task_aware_active,20268906,13005,True,False,False,True,0.006188385099557707,0.0028937038504406277,0.24413930440481207,0.003411576635221623,0.020787407700881257,0.04757481540176251
8,strong_occlusion,6,fixed,20268907,13006,False,False,False,False,0.05524419508257239,0.04,0.0,-inf,0.095,0.14
8,strong_occlusion,6,generic_active,20268907,13006,False,False,False,False,0.047216755910441666,0.026000000000000002,0.0520944533000791,-inf,0.067,0.14
8,strong_occlusion,6,task_aware_active,20268907,13006,True,False,False,True,0.004106537489870536,0.0028937038504406277,0.24413930440481207,0.005510700501118541,0.020787407700881257,0.04757481540176251
8,strong_occlusion,7,fixed,20268908,13007,False,False,False,False,0.06937700182480207,0.04,0.0,-inf,0.095,0.14
8,strong_occlusion,7,generic_active,20268908,13007,True,False,False,True,0.053958702779239455,0.026000000000000002,0.0520944533000791,0.005515987469478836,0.067,0.14
8,strong_occlusion,7,task_aware_active,20268908,13007,True,False,False,True,0.005105157225482335,0.0028937038504406277,0.24413930440481207,0.006668021751041099,0.020787407700881257,0.04757481540176251
8,strong_occlusion,8,fixed,20268909,13008,False,False,False,False,0.03904862252331774,0.04,0.0,-inf,0.095,0.14
8,strong_occlusion,8,generic_active,20268909,13008,False,False,False,False,0.011515895697033492,0.026000000000000002,0.0520944533000791,-inf,0.067,0.14
8,strong_occlusion,8,task_aware_active,20268909,13008,True,False,False,True,0.0026899630976327735,0.0028937038504406277,0.24413930440481207,0.00844915311138431,0.020787407700881257,0.04757481540176251
8,strong_occlusion,9,fixed,20268910,13009,False,False,False,False,0.058590064077159235,0.04,0.0,-inf,0.095,0.14
8,strong_occlusion,9,generic_active,20268910,13009,False,False,False,False,0.01893718300471888,0.026000000000000002,0.0520944533000791,-inf,0.067,0.14
8,strong_occlusion,9,task_aware_active,20268910,13009,True,False,False,True,0.004052260121310159,0.0028937038504406277,0.24413930440481207,0.003798831567240533,0.020787407700881257,0.04757481540176251
9,combined_variation,0,fixed,20269901,14000,False,False,False,False,0.011823844689918102,0.017288736991528685,0.0,-inf,0.05107747398305737,0.10275000000000001
9,combined_variation,0,generic_active,20269901,14000,True,False,False,True,0.0029360644675542804,0.0032740470248614974,0.0520944533000791,0.0040315381022661325,0.023048094049722995,0.051846188099445994
9,combined_variation,0,task_aware_active,20269901,14000,True,False,False,True,0.002660171244216303,0.003001537725564889,0.15000000000000002,0.005173065312741176,0.022503075451129777,0.05075615090225956
9,combined_variation,1,fixed,20269902,14001,False,False,False,False,0.038860367937359266,0.017288736991528685,0.0,-inf,0.05107747398305737,0.10275000000000001
9,combined_variation,1,generic_active,20269902,14001,True,False,False,True,0.006746516981158527,0.0032740470248614974,0.0520944533000791,0.005766209205025815,0.023048094049722995,0.051846188099445994
9,combined_variation,1,task_aware_active,20269902,14001,True,False,False,True,0.006212687100247163,0.003001537725564889,0.15000000000000002,0.005766209205025815,0.022503075451129777,0.05075615090225956
9,combined_variation,2,fixed,20269903,14002,False,False,False,False,0.028344032761254384,0.017288736991528685,0.0,-inf,0.05107747398305737,0.10275000000000001
9,combined_variation,2,generic_active,20269903,14002,True,False,False,True,0.0043919922827855345,0.0032740470248614974,0.0520944533000791,0.006372651357638112,0.023048094049722995,0.051846188099445994
9,combined_variation,2,task_aware_active,20269903,14002,True,False,False,True,0.004070551809246461,0.003001537725564889,0.15000000000000002,0.0053445631647617755,0.022503075451129777,0.05075615090225956
9,combined_variation,3,fixed,20269904,14003,True,False,True,False,0.03827913545011447,0.017288736991528685,0.0,-0.006303216867280631,0.05107747398305737,0.10275000000000001
9,combined_variation,3,generic_active,20269904,14003,True,False,True,False,0.0067712227603617834,0.0032740470248614974,0.0520944533000791,-0.00015108519664221338,0.023048094049722995,0.051846188099445994
9,combined_variation,3,task_aware_active,20269904,14003,True,False,True,False,0.006229241919918081,0.003001537725564889,0.15000000000000002,-0.00015108519664221338,0.022503075451129777,0.05075615090225956
9,combined_variation,4,fixed,20269905,14004,False,False,False,False,0.0397592969934009,0.017288736991528685,0.0,-inf,0.05107747398305737,0.10275000000000001
9,combined_variation,4,generic_active,20269905,14004,True,False,False,True,0.004523401558174184,0.0032740470248614974,0.0520944533000791,0.00608123118586784,0.023048094049722995,0.051846188099445994
9,combined_variation,4,task_aware_active,20269905,14004,True,False,False,True,0.004282836405827822,0.003001537725564889,0.15000000000000002,0.006399278092343341,0.022503075451129777,0.05075615090225956
9,combined_variation,5,fixed,20269906,14005,False,False,False,False,0.015531255568855908,0.017288736991528685,0.0,-inf,0.05107747398305737,0.10275000000000001
9,combined_variation,5,generic_active,20269906,14005,True,False,False,True,0.0053231759017918845,0.0032740470248614974,0.0520944533000791,0.0005543758437185475,0.023048094049722995,0.051846188099445994
9,combined_variation,5,task_aware_active,20269906,14005,True,False,False,True,0.004772398770625136,0.003001537725564889,0.15000000000000002,0.004200085705964666,0.022503075451129777,0.05075615090225956
9,combined_variation,6,fixed,20269907,14006,False,False,False,False,0.01370488120264313,0.017288736991528685,0.0,-inf,0.05107747398305737,0.10275000000000001
9,combined_variation,6,generic_active,20269907,14006,True,False,False,True,0.004454394073108847,0.0032740470248614974,0.0520944533000791,0.005628859237513292,0.023048094049722995,0.051846188099445994
9,combined_variation,6,task_aware_active,20269907,14006,True,False,False,True,0.003999574642460591,0.003001537725564889,0.15000000000000002,0.004891083217520622,0.022503075451129777,0.05075615090225956
9,combined_variation,7,fixed,20269908,14007,False,False,False,False,0.021450247246206193,0.017288736991528685,0.0,-inf,0.05107747398305737,0.10275000000000001
9,combined_variation,7,generic_active,20269908,14007,True,False,False,True,0.004448115211567507,0.0032740470248614974,0.0520944533000791,0.005487303439203872,0.023048094049722995,0.051846188099445994
9,combined_variation,7,task_aware_active,20269908,14007,True,False,False,True,0.004060430219936585,0.003001537725564889,0.15000000000000002,0.004349717949108918,0.022503075451129777,0.05075615090225956
9,combined_variation,8,fixed,20269909,14008,True,False,False,True,0.03300202878680754,0.017288736991528685,0.0,0.010256343905830833,0.05107747398305737,0.10275000000000001
9,combined_variation,8,generic_active,20269909,14008,True,False,False,True,0.0067215142252524595,0.0032740470248614974,0.0520944533000791,0.0025962459374868335,0.023048094049722995,0.051846188099445994
9,combined_variation,8,task_aware_active,20269909,14008,True,False,False,True,0.006140727800777761,0.003001537725564889,0.15000000000000002,0.00290934280041826,0.022503075451129777,0.05075615090225956
9,combined_variation,9,fixed,20269910,14009,False,False,False,False,0.03154405798644851,0.017288736991528685,0.0,-inf,0.05107747398305737,0.10275000000000001
9,combined_variation,9,generic_active,20269910,14009,True,False,False,True,0.00530001947493878,0.0032740470248614974,0.0520944533000791,0.007660587633559457,0.023048094049722995,0.051846188099445994
9,combined_variation,9,task_aware_active,20269910,14009,True,False,False,True,0.004889343441164842,0.003001537725564889,0.15000000000000002,0.007660587633559457,0.022503075451129777,0.05075615090225956
