trial,strategy,perception_seed,planner_seed,mean_localisation_error,mean_predicted_sigma,camera_movement,planning_success,collision_against_truth,safety_violation_against_truth,minimum_true_safety_clearance,mean_planning_safety_margin,maximum_planning_safety_radius
0,fixed,20260823,2000,0.005681295945506831,0.003289246736164148,0.0,True,False,False,0.005712920838738726,0.021578493472328295,0.04915698694465659
0,generic_active,20260823,2000,0.0514284756762838,0.026000000000000002,0.03642709213008326,False,False,False,-inf,0.067,0.14
0,task_aware_active,20260823,2000,0.0053357659502787655,0.003117711648907182,0.11544233643275585,True,False,False,0.005688260583535455,0.02123542329781436,0.048470846595628725
1,fixed,20260824,2001,0.005897763584962023,0.003289246736164148,0.0,True,False,False,0.00267487812229184,0.021578493472328295,0.04915698694465659
1,generic_active,20260824,2001,0.05291695221845916,0.026000000000000002,0.03642709213008326,False,False,False,-inf,0.067,0.14
1,task_aware_active,20260824,2001,0.005542626063484838,0.003117711648907182,0.11544233643275585,True,False,False,0.0042890995832696715,0.02123542329781436,0.048470846595628725
2,fixed,20260825,2002,0.009738315412304467,0.003289246736164148,0.0,True,False,True,-0.0007150534905707526,0.021578493472328295,0.04915698694465659
2,generic_active,20260825,2002,0.08586740961250064,0.026000000000000002,0.03642709213008326,True,False,True,-0.00784815446742443,0.067,0.14
2,task_aware_active,20260825,2002,0.00916330978987014,0.003117711648907182,0.11544233643275585,True,False,True,-0.0007150534905707526,0.02123542329781436,0.048470846595628725
3,fixed,20260826,2003,0.005573488373226046,0.003289246736164148,0.0,True,False,False,0.0018833225571096273,0.021578493472328295,0.04915698694465659
3,generic_active,20260826,2003,0.043100302534623464,0.026000000000000002,0.03642709213008326,False,False,False,-inf,0.067,0.14
3,task_aware_active,20260826,2003,0.005290047077075742,0.003117711648907182,0.11544233643275585,True,False,False,0.0017016967027527734,0.02123542329781436,0.048470846595628725
4,fixed,20260827,2004,0.004776751904449214,0.003289246736164148,0.0,True,False,False,0.0011146894282462443,0.021578493472328295,0.04915698694465659
4,generic_active,20260827,2004,0.0331827479290884,0.026000000000000002,0.03642709213008326,False,False,False,-inf,0.067,0.14
4,task_aware_active,20260827,2004,0.004562200456062577,0.003117711648907182,0.11544233643275585,True,False,False,0.007372084847278927,0.02123542329781436,0.048470846595628725
5,fixed,20260828,2005,0.004652878889812705,0.003289246736164148,0.0,True,False,False,0.007619396359419868,0.021578493472328295,0.04915698694465659
5,generic_active,20260828,2005,0.03191394394004126,0.026000000000000002,0.03642709213008326,False,False,False,-inf,0.067,0.14
5,task_aware_active,20260828,2005,0.004446975143786145,0.003117711648907182,0.11544233643275585,True,False,False,0.007619396359419868,0.02123542329781436,0.048470846595628725
6,fixed,20260829,2006,0.0032502523198420356,0.003289246736164148,0.0,True,False,False,0.0026698651078506715,0.021578493472328295,0.04915698694465659
6,generic_active,20260829,2006,0.026240860688651727,0.026000000000000002,0.03642709213008326,False,False,False,-inf,0.067,0.14
6,task_aware_active,20260829,2006,0.003076603477515246,0.003117711648907182,0.11544233643275585,True,False,False,0.0026698651078506715,0.02123542329781436,0.048470846595628725
7,fixed,20260830,2007,0.004695982364211149,0.003289246736164148,0.0,True,False,False,0.008236777474211613,0.021578493472328295,0.04915698694465659
7,generic_active,20260830,2007,0.030896781542178477,0.026000000000000002,0.03642709213008326,False,False,False,-inf,0.067,0.14
7,task_aware_active,20260830,2007,0.004498086842165579,0.003117711648907182,0.11544233643275585,True,False,False,0.007487158550546677,0.02123542329781436,0.048470846595628725
8,fixed,20260831,2008,0.006330592660800317,0.003289246736164148,0.0,True,False,False,0.002969010591977619,0.021578493472328295,0.04915698694465659
8,generic_active,20260831,2008,0.06448845537838221,0.026000000000000002,0.03642709213008326,False,False,False,-inf,0.067,0.14
8,task_aware_active,20260831,2008,0.005891324357365183,0.003117711648907182,0.11544233643275585,True,False,False,0.002969010591977619,0.02123542329781436,0.048470846595628725
9,fixed,20260832,2009,0.0052519019339568205,0.003289246736164148,0.0,True,False,False,0.008070849942578803,0.021578493472328295,0.04915698694465659
9,generic_active,20260832,2009,0.04217953846231738,0.026000000000000002,0.03642709213008326,False,False,False,-inf,0.067,0.14
9,task_aware_active,20260832,2009,0.004972986246727165,0.003117711648907182,0.11544233643275585,True,False,False,0.008070849942578803,0.02123542329781436,0.048470846595628725
10,fixed,20260833,2010,0.004179600058414286,0.003289246736164148,0.0,True,False,False,0.008336490234712215,0.021578493472328295,0.04915698694465659
10,generic_active,20260833,2010,0.02731458005118355,0.026000000000000002,0.03642709213008326,False,False,False,-inf,0.067,0.14
10,task_aware_active,20260833,2010,0.004004860772330495,0.003117711648907182,0.11544233643275585,True,False,False,0.008336490234712215,0.02123542329781436,0.048470846595628725
11,fixed,20260834,2011,0.004464065924694111,0.003289246736164148,0.0,True,False,False,0.008606758428998195,0.021578493472328295,0.04915698694465659
11,generic_active,20260834,2011,0.02090227260381378,0.026000000000000002,0.03642709213008326,False,False,False,-inf,0.067,0.14
11,task_aware_active,20260834,2011,0.004339907593867596,0.003117711648907182,0.11544233643275585,True,False,False,0.008606758428998195,0.02123542329781436,0.048470846595628725
12,fixed,20260835,2012,0.0059642284766422355,0.003289246736164148,0.0,True,False,False,0.004708725206704454,0.021578493472328295,0.04915698694465659
12,generic_active,20260835,2012,0.057627246804696226,0.026000000000000002,0.03642709213008326,False,False,False,-inf,0.067,0.14
12,task_aware_active,20260835,2012,0.00557401595247322,0.003117711648907182,0.11544233643275585,True,False,False,0.004708725206704454,0.02123542329781436,0.048470846595628725
13,fixed,20260836,2013,0.007043883068803986,0.003289246736164148,0.0,True,False,False,0.003794231154592811,0.021578493472328295,0.04915698694465659
13,generic_active,20260836,2013,0.06555960831946282,0.026000000000000002,0.03642709213008326,False,False,False,-inf,0.067,0.14
13,task_aware_active,20260836,2013,0.006601911817557117,0.003117711648907182,0.11544233643275585,True,False,False,0.003794231154592811,0.02123542329781436,0.048470846595628725
14,fixed,20260837,2014,0.004305588223221698,0.003289246736164148,0.0,True,False,False,0.007088456026418942,0.021578493472328295,0.04915698694465659
14,generic_active,20260837,2014,0.031011443078746388,0.026000000000000002,0.03642709213008326,False,False,False,-inf,0.067,0.14
14,task_aware_active,20260837,2014,0.004103877998567506,0.003117711648907182,0.11544233643275585,True,False,False,0.004763543375334979,0.02123542329781436,0.048470846595628725
15,fixed,20260838,2015,0.007190197533425072,0.003289246736164148,0.0,True,False,False,0.0030574824663978147,0.021578493472328295,0.04915698694465659
15,generic_active,20260838,2015,0.06471160600348357,0.026000000000000002,0.03642709213008326,True,False,False,0.0030574824663978147,0.067,0.14
15,task_aware_active,20260838,2015,0.006755736390440141,0.003117711648907182,0.11544233643275585,True,False,False,0.0017662084433019472,0.02123542329781436,0.048470846595628725
16,fixed,20260839,2016,0.003816065577718592,0.003289246736164148,0.0,True,False,False,0.00563185174606552,0.021578493472328295,0.04915698694465659
16,generic_active,20260839,2016,0.02903417976019897,0.026000000000000002,0.03642709213008326,False,False,False,-inf,0.067,0.14
16,task_aware_active,20260839,2016,0.0036255923086687195,0.003117711648907182,0.11544233643275585,True,False,False,0.00563185174606552,0.02123542329781436,0.048470846595628725
17,fixed,20260840,2017,0.007196865067511558,0.003289246736164148,0.0,True,False,False,0.0038523484974482946,0.021578493472328295,0.04915698694465659
17,generic_active,20260840,2017,0.059571048186163045,0.026000000000000002,0.03642709213008326,False,False,False,-inf,0.067,0.14
17,task_aware_active,20260840,2017,0.0068012810916345335,0.003117711648907182,0.11544233643275585,True,False,False,0.0032598588452382154,0.02123542329781436,0.048470846595628725
18,fixed,20260841,2018,0.006900369533450199,0.003289246736164148,0.0,True,False,False,0.008654334462295311,0.021578493472328295,0.04915698694465659
18,generic_active,20260841,2018,0.0593636028865326,0.026000000000000002,0.03642709213008326,False,False,False,-inf,0.067,0.14
18,task_aware_active,20260841,2018,0.006504112958141715,0.003117711648907182,0.11544233643275585,True,False,False,0.003982922319055232,0.02123542329781436,0.048470846595628725
19,fixed,20260842,2019,0.0032556875318953044,0.003289246736164148,0.0,True,False,False,0.006682183744912576,0.021578493472328295,0.04915698694465659
19,generic_active,20260842,2019,0.025098739782395855,0.026000000000000002,0.03642709213008326,False,False,False,-inf,0.067,0.14
19,task_aware_active,20260842,2019,0.0030907062197292096,0.003117711648907182,0.11544233643275585,True,False,False,0.006682183744912576,0.02123542329781436,0.048470846595628725
20,fixed,20260843,2020,0.004090702902046547,0.003289246736164148,0.0,True,False,False,0.0038495850466633477,0.021578493472328295,0.04915698694465659
20,generic_active,20260843,2020,0.026108607044675606,0.026000000000000002,0.03642709213008326,False,False,False,-inf,0.067,0.14
20,task_aware_active,20260843,2020,0.003924400927627426,0.003117711648907182,0.11544233643275585,True,False,False,0.0038495850466633477,0.02123542329781436,0.048470846595628725
21,fixed,20260844,2021,0.003693741935353886,0.003289246736164148,0.0,True,False,False,0.005168000451467326,0.021578493472328295,0.04915698694465659
21,generic_active,20260844,2021,0.03131279763991308,0.026000000000000002,0.03642709213008326,False,False,False,-inf,0.067,0.14
21,task_aware_active,20260844,2021,0.0034851342738114284,0.003117711648907182,0.11544233643275585,True,False,False,0.005168000451467326,0.02123542329781436,0.048470846595628725
22,fixed,20260845,2022,0.004754165198395231,0.003289246736164148,0.0,True,False,False,0.006202531287123917,0.021578493472328295,0.04915698694465659
22,generic_active,20260845,2022,0.043393770685692085,0.026000000000000002,0.03642709213008326,False,False,False,-inf,0.067,0.14
22,task_aware_active,20260845,2022,0.0044623189517367075,0.003117711648907182,0.11544233643275585,True,False,False,0.006202531287123917,0.02123542329781436,0.048470846595628725
23,fixed,20260846,2023,0.008978374419309753,0.003289246736164148,0.0,True,False,False,0.001742380096566928,0.021578493472328295,0.04915698694465659
23,generic_active,20260846,2023,0.08290613331581126,0.026000000000000002,0.03642709213008326,True,False,True,-0.011147351442232336,0.067,0.14
23,task_aware_active,20260846,2023,0.008419995556851828,0.003117711648907182,0.11544233643275585,True,False,False,0.001742380096566928,0.02123542329781436,0.048470846595628725
24,fixed,20260847,2024,0.006663937751578062,0.003289246736164148,0.0,True,False,False,0.0017248800981770809,0.021578493472328295,0.04915698694465659
24,generic_active,20260847,2024,0.0549769176674712,0.026000000000000002,0.03642709213008326,False,False,False,-inf,0.067,0.14
24,task_aware_active,20260847,2024,0.006299028180801586,0.003117711648907182,0.11544233643275585,True,False,False,0.004212114617970558,0.02123542329781436,0.048470846595628725
25,fixed,20260848,2025,0.005214777194359983,0.003289246736164148,0.0,True,False,False,0.004674890592102047,0.021578493472328295,0.04915698694465659
25,generic_active,20260848,2025,0.04608963967715681,0.026000000000000002,0.03642709213008326,False,False,False,-inf,0.067,0.14
25,task_aware_active,20260848,2025,0.004906047976039957,0.003117711648907182,0.11544233643275585,True,False,False,0.003853530277313345,0.02123542329781436,0.048470846595628725
26,fixed,20260849,2026,0.004991690692411608,0.003289246736164148,0.0,True,False,False,0.005026487465034554,0.021578493472328295,0.04915698694465659
26,generic_active,20260849,2026,0.03844727415981066,0.026000000000000002,0.03642709213008326,False,False,False,-inf,0.067,0.14
26,task_aware_active,20260849,2026,0.004738999539342219,0.003117711648907182,0.11544233643275585,True,False,False,0.005026487465034554,0.02123542329781436,0.048470846595628725
27,fixed,20260850,2027,0.005708902425164679,0.003289246736164148,0.0,True,False,False,0.007465831402204753,0.021578493472328295,0.04915698694465659
27,generic_active,20260850,2027,0.05278560619926963,0.026000000000000002,0.03642709213008326,False,False,False,-inf,0.067,0.14
27,task_aware_active,20260850,2027,0.005353330489885878,0.003117711648907182,0.11544233643275585,True,False,False,0.007465831402204753,0.02123542329781436,0.048470846595628725
28,fixed,20260851,2028,0.005589532465882799,0.003289246736164148,0.0,True,False,False,0.007458625684177536,0.021578493472328295,0.04915698694465659
28,generic_active,20260851,2028,0.03858122870546604,0.026000000000000002,0.03642709213008326,False,False,False,-inf,0.067,0.14
28,task_aware_active,20260851,2028,0.005340345068729228,0.003117711648907182,0.11544233643275585,True,False,False,0.007458625684177536,0.02123542329781436,0.048470846595628725
29,fixed,20260852,2029,0.005136725160167399,0.003289246736164148,0.0,True,False,False,0.004479880030076667,0.021578493472328295,0.04915698694465659
29,generic_active,20260852,2029,0.04470313372400599,0.026000000000000002,0.03642709213008326,False,False,False,-inf,0.067,0.14
29,task_aware_active,20260852,2029,0.004837878738536355,0.003117711648907182,0.11544233643275585,True,False,False,0.004479880030076667,0.02123542329781436,0.048470846595628725
30,fixed,20260853,2030,0.00604609645592649,0.003289246736164148,0.0,True,False,False,0.006790224539162287,0.021578493472328295,0.04915698694465659
30,generic_active,20260853,2030,0.04535544771010096,0.026000000000000002,0.03642709213008326,True,False,False,0.0022320582938381347,0.067,0.14
30,task_aware_active,20260853,2030,0.005749191596846503,0.003117711648907182,0.11544233643275585,True,False,False,0.006790224539162287,0.02123542329781436,0.048470846595628725
31,fixed,20260854,2031,0.0034644168673118357,0.003289246736164148,0.0,True,False,False,0.004252699332528509,0.021578493472328295,0.04915698694465659
31,generic_active,20260854,2031,0.023804015923568386,0.026000000000000002,0.03642709213008326,False,False,False,-inf,0.067,0.14
31,task_aware_active,20260854,2031,0.003310791187953928,0.003117711648907182,0.11544233643275585,True,False,False,0.005424273424073511,0.02123542329781436,0.048470846595628725
32,fixed,20260855,2032,0.0057758472209328005,0.003289246736164148,0.0,True,False,False,0.005625744146691659,0.021578493472328295,0.04915698694465659
32,generic_active,20260855,2032,0.04907994382688919,0.026000000000000002,0.03642709213008326,False,False,False,-inf,0.067,0.14
32,task_aware_active,20260855,2032,0.005448769915147648,0.003117711648907182,0.11544233643275585,True,False,False,0.005625744146691659,0.02123542329781436,0.048470846595628725
33,fixed,20260856,2033,0.0027168367428052525,0.003289246736164148,0.0,True,False,False,0.0031508163272610575,0.021578493472328295,0.04915698694465659
33,generic_active,20260856,2033,0.0228403087977043,0.026000000000000002,0.03642709213008326,False,False,False,-inf,0.067,0.14
33,task_aware_active,20260856,2033,0.002564843477995893,0.003117711648907182,0.11544233643275585,True,False,False,0.0031508163272610575,0.02123542329781436,0.048470846595628725
34,fixed,20260857,2034,0.006573908649448318,0.003289246736164148,0.0,True,False,False,0.006640752264526225,0.021578493472328295,0.04915698694465659
34,generic_active,20260857,2034,0.0465713761186399,0.026000000000000002,0.03642709213008326,False,False,False,-inf,0.067,0.14
34,task_aware_active,20260857,2034,0.006271806425330952,0.003117711648907182,0.11544233643275585,True,False,False,0.006640752264526225,0.02123542329781436,0.048470846595628725
35,fixed,20260858,2035,0.00657523461320334,0.003289246736164148,0.0,True,False,False,0.006548219986037924,0.021578493472328295,0.04915698694465659
35,generic_active,20260858,2035,0.058729146256265775,0.026000000000000002,0.03642709213008326,False,False,False,-inf,0.067,0.14
35,task_aware_active,20260858,2035,0.00618131435522887,0.003117711648907182,0.11544233643275585,True,False,False,0.006548219986037924,0.02123542329781436,0.048470846595628725
36,fixed,20260859,2036,0.005844076782069885,0.003289246736164148,0.0,True,False,False,0.00875815604545607,0.021578493472328295,0.04915698694465659
36,generic_active,20260859,2036,0.05021907640833167,0.026000000000000002,0.03642709213008326,False,False,False,-inf,0.067,0.14
36,task_aware_active,20260859,2036,0.005508910909564908,0.003117711648907182,0.11544233643275585,True,False,False,0.005206266062164974,0.02123542329781436,0.048470846595628725
37,fixed,20260860,2037,0.005975452958706073,0.003289246736164148,0.0,True,False,False,0.007335389085511108,0.021578493472328295,0.04915698694465659
37,generic_active,20260860,2037,0.050513259024063804,0.026000000000000002,0.03642709213008326,False,False,False,-inf,0.067,0.14
37,task_aware_active,20260860,2037,0.005639057403662097,0.003117711648907182,0.11544233643275585,True,False,False,0.007894841578972854,0.02123542329781436,0.048470846595628725
38,fixed,20260861,2038,0.007975673089517138,0.003289246736164148,0.0,True,False,False,0.0012082935605219804,0.021578493472328295,0.04915698694465659
38,generic_active,20260861,2038,0.05718128983271473,0.026000000000000002,0.03642709213008326,True,False,False,0.0016612195684231664,0.067,0.14
38,task_aware_active,20260861,2038,0.007604021402603788,0.003117711648907182,0.11544233643275585,True,False,False,0.0012082935605219804,0.02123542329781436,0.048470846595628725
39,fixed,20260862,2039,0.008032316497771197,0.003289246736164148,0.0,True,False,False,0.009565665161013452,0.021578493472328295,0.04915698694465659
39,generic_active,20260862,2039,0.054333585750280494,0.026000000000000002,0.03642709213008326,True,False,False,0.008828026705895267,0.067,0.14
39,task_aware_active,20260862,2039,0.0076826014456516075,0.003117711648907182,0.11544233643275585,True,False,False,0.009565665161013452,0.02123542329781436,0.048470846595628725
40,fixed,20260863,2040,0.005687511818949781,0.003289246736164148,0.0,True,False,False,0.0006932048807663706,0.021578493472328295,0.04915698694465659
40,generic_active,20260863,2040,0.04065774223942231,0.026000000000000002,0.03642709213008326,False,False,False,-inf,0.067,0.14
40,task_aware_active,20260863,2040,0.005423380486233305,0.003117711648907182,0.11544233643275585,True,False,False,0.0006932048807663706,0.02123542329781436,0.048470846595628725
41,fixed,20260864,2041,0.0064625824459722345,0.003289246736164148,0.0,True,False,False,0.003875109376506638,0.021578493472328295,0.04915698694465659
41,generic_active,20260864,2041,0.04875217702443281,0.026000000000000002,0.03642709213008326,False,False,False,-inf,0.067,0.14
41,task_aware_active,20260864,2041,0.0061431677083012785,0.003117711648907182,0.11544233643275585,True,False,False,0.003875109376506638,0.02123542329781436,0.048470846595628725
42,fixed,20260865,2042,0.0025109678279926833,0.003289246736164148,0.0,True,False,False,0.010035202709869217,0.021578493472328295,0.04915698694465659
42,generic_active,20260865,2042,0.018158870088734916,0.026000000000000002,0.03642709213008326,False,False,False,-inf,0.067,0.14
42,task_aware_active,20260865,2042,0.002392778693158523,0.003117711648907182,0.11544233643275585,True,False,False,0.010263293188160915,0.02123542329781436,0.048470846595628725
43,fixed,20260866,2043,0.0028881453676600126,0.003289246736164148,0.0,True,False,False,0.008155122493795892,0.021578493472328295,0.04915698694465659
43,generic_active,20260866,2043,0.019132341412208806,0.026000000000000002,0.03642709213008326,False,False,False,-inf,0.067,0.14
43,task_aware_active,20260866,2043,0.0027654524057159546,0.003117711648907182,0.11544233643275585,True,False,False,0.008155122493795892,0.02123542329781436,0.048470846595628725
44,fixed,20260867,2044,0.006821615937616127,0.003289246736164148,0.0,True,False,False,0.005319312871859145,0.021578493472328295,0.04915698694465659
44,generic_active,20260867,2044,0.06319003565197866,0.026000000000000002,0.03642709213008326,True,False,False,0.003751216533969452,0.067,0.14
44,task_aware_active,20260867,2044,0.00639586335768574,0.003117711648907182,0.11544233643275585,True,False,False,0.005319312871859145,0.02123542329781436,0.048470846595628725
45,fixed,20260868,2045,0.00981551070394995,0.003289246736164148,0.0,True,False,False,0.0030643460972632677,0.021578493472328295,0.04915698694465659
45,generic_active,20260868,2045,0.0834988716937599,0.026000000000000002,0.03642709213008326,True,False,False,0.008509667746366021,0.067,0.14
45,task_aware_active,20260868,2045,0.009258977787144402,0.003117711648907182,0.11544233643275585,True,False,False,0.0030643460972632677,0.02123542329781436,0.048470846595628725
46,fixed,20260869,2046,0.006522070280170097,0.003289246736164148,0.0,True,False,False,0.0029976356611502563,0.021578493472328295,0.04915698694465659
46,generic_active,20260869,2046,0.05392772167988748,0.026000000000000002,0.03642709213008326,True,False,False,0.007117796390325759,0.067,0.14
46,task_aware_active,20260869,2046,0.006164013792353264,0.003117711648907182,0.11544233643275585,True,False,False,0.0029976356611502563,0.02123542329781436,0.048470846595628725
47,fixed,20260870,2047,0.004545458915787854,0.003289246736164148,0.0,True,False,False,0.004693353635066592,0.021578493472328295,0.04915698694465659
47,generic_active,20260870,2047,0.03825082155164802,0.026000000000000002,0.03642709213008326,False,False,False,-inf,0.067,0.14
47,task_aware_active,20260870,2047,0.004290881172213995,0.003117711648907182,0.11544233643275585,True,False,False,0.004693353635066592,0.02123542329781436,0.048470846595628725
48,fixed,20260871,2048,0.0034047190793873,0.003289246736164148,0.0,True,False,False,0.00754331241619916,0.021578493472328295,0.04915698694465659
48,generic_active,20260871,2048,0.018378330106506163,0.026000000000000002,0.03642709213008326,False,False,False,-inf,0.067,0.14
48,task_aware_active,20260871,2048,0.003291622889038618,0.003117711648907182,0.11544233643275585,True,False,False,0.00754331241619916,0.02123542329781436,0.048470846595628725
49,fixed,20260872,2049,0.002094142314718048,0.003289246736164148,0.0,True,False,False,0.004118834612763375,0.021578493472328295,0.04915698694465659
49,generic_active,20260872,2049,0.007582311410508804,0.026000000000000002,0.03642709213008326,False,False,False,-inf,0.067,0.14
49,task_aware_active,20260872,2049,0.002052689987981416,0.003117711648907182,0.11544233643275585,True,False,False,0.004118834612763375,0.02123542329781436,0.048470846595628725
50,fixed,20260873,2050,0.005799596967565943,0.003289246736164148,0.0,True,False,True,-0.000904044304240988,0.021578493472328295,0.04915698694465659
50,generic_active,20260873,2050,0.03456058927007101,0.026000000000000002,0.03642709213008326,False,False,False,-inf,0.067,0.14
50,task_aware_active,20260873,2050,0.005582364220290088,0.003117711648907182,0.11544233643275585,True,False,True,-0.000904044304240988,0.02123542329781436,0.048470846595628725
51,fixed,20260874,2051,0.003288969948787685,0.003289246736164148,0.0,True,False,False,0.004450161047381119,0.021578493472328295,0.04915698694465659
51,generic_active,20260874,2051,0.030954761358301816,0.026000000000000002,0.03642709213008326,False,False,False,-inf,0.067,0.14
51,task_aware_active,20260874,2051,0.0030800092908855586,0.003117711648907182,0.11544233643275585,True,False,False,0.004450161047381119,0.02123542329781436,0.048470846595628725
52,fixed,20260875,2052,0.005962476968033076,0.003289246736164148,0.0,True,False,False,0.002265791623669527,0.021578493472328295,0.04915698694465659
52,generic_active,20260875,2052,0.04732987509637974,0.026000000000000002,0.03642709213008326,False,False,False,-inf,0.067,0.14
52,task_aware_active,20260875,2052,0.005650027611329479,0.003117711648907182,0.11544233643275585,True,False,False,0.002265791623669527,0.02123542329781436,0.048470846595628725
53,fixed,20260876,2053,0.0029383719863237904,0.003289246736164148,0.0,True,False,False,0.006466092821839136,0.021578493472328295,0.04915698694465659
53,generic_active,20260876,2053,0.009424524075973557,0.026000000000000002,0.03642709213008326,False,False,False,-inf,0.067,0.14
53,task_aware_active,20260876,2053,0.0028893818602925394,0.003117711648907182,0.11544233643275585,True,False,False,0.006466092821839136,0.02123542329781436,0.048470846595628725
54,fixed,20260877,2054,0.003345099338755891,0.003289246736164148,0.0,True,False,False,0.006013208225571767,0.021578493472328295,0.04915698694465659
54,generic_active,20260877,2054,0.02152302009985363,0.026000000000000002,0.03642709213008326,False,False,False,-inf,0.067,0.14
54,task_aware_active,20260877,2054,0.0032078008886481002,0.003117711648907182,0.11544233643275585,True,False,False,0.006013208225571767,0.02123542329781436,0.048470846595628725
55,fixed,20260878,2055,0.002719091992635766,0.003289246736164148,0.0,True,False,False,0.006077027875542177,0.021578493472328295,0.04915698694465659
55,generic_active,20260878,2055,0.020310480154160964,0.026000000000000002,0.03642709213008326,False,False,False,-inf,0.067,0.14
55,task_aware_active,20260878,2055,0.002586223643083334,0.003117711648907182,0.11544233643275585,True,False,False,0.006077027875542177,0.02123542329781436,0.048470846595628725
56,fixed,20260879,2056,0.0022179374043411917,0.003289246736164148,0.0,True,False,False,0.0036316196699804956,0.021578493472328295,0.04915698694465659
56,generic_active,20260879,2056,0.01179809917248393,0.026000000000000002,0.03642709213008326,False,False,False,-inf,0.067,0.14
56,task_aware_active,20260879,2056,0.002145578118599183,0.003117711648907182,0.11544233643275585,True,False,False,0.0036316196699804956,0.02123542329781436,0.048470846595628725
57,fixed,20260880,2057,0.008253341244341954,0.003289246736164148,0.0,True,False,False,0.002142690343751091,0.021578493472328295,0.04915698694465659
57,generic_active,20260880,2057,0.06763000363026277,0.026000000000000002,0.03642709213008326,False,False,False,-inf,0.067,0.14
57,task_aware_active,20260880,2057,0.007804867305803993,0.003117711648907182,0.11544233643275585,True,False,False,0.002142690343751091,0.02123542329781436,0.048470846595628725
58,fixed,20260881,2058,0.0027017668961174255,0.003289246736164148,0.0,True,False,False,0.0059126496644768736,0.021578493472328295,0.04915698694465659
58,generic_active,20260881,2058,0.01806184287068822,0.026000000000000002,0.03642709213008326,False,False,False,-inf,0.067,0.14
58,task_aware_active,20260881,2058,0.00258575172295418,0.003117711648907182,0.11544233643275585,True,False,False,0.0059126496644768736,0.02123542329781436,0.048470846595628725
59,fixed,20260882,2059,0.006128098046558329,0.003289246736164148,0.0,True,False,False,0.007966008269624415,0.021578493472328295,0.04915698694465659
59,generic_active,20260882,2059,0.04134215723004156,0.026000000000000002,0.03642709213008326,False,False,False,-inf,0.067,0.14
59,task_aware_active,20260882,2059,0.005862125066950935,0.003117711648907182,0.11544233643275585,True,False,False,0.00682728964201657,0.02123542329781436,0.048470846595628725
60,fixed,20260883,2060,0.0048971368637126715,0.003289246736164148,0.0,True,False,False,0.004022065910968006,0.021578493472328295,0.04915698694465659
60,generic_active,20260883,2060,0.04468653928018038,0.026000000000000002,0.03642709213008326,False,False,False,-inf,0.067,0.14
60,task_aware_active,20260883,2060,0.004596606161973256,0.003117711648907182,0.11544233643275585,True,False,False,0.004022065910968006,0.02123542329781436,0.048470846595628725
61,fixed,20260884,2061,0.007919558004530158,0.003289246736164148,0.0,True,False,False,0.002454552224383231,0.021578493472328295,0.04915698694465659
61,generic_active,20260884,2061,0.06372100791476373,0.026000000000000002,0.03642709213008326,False,False,False,-inf,0.067,0.14
61,task_aware_active,20260884,2061,0.0074980877666997224,0.003117711648907182,0.11544233643275585,True,False,False,0.002454552224383231,0.02123542329781436,0.048470846595628725
62,fixed,20260885,2062,0.006023197471144575,0.003289246736164148,0.0,True,False,False,0.006402218225821215,0.021578493472328295,0.04915698694465659
62,generic_active,20260885,2062,0.056273400138181315,0.026000000000000002,0.03642709213008326,False,False,False,-inf,0.067,0.14
62,task_aware_active,20260885,2062,0.00564365599143081,0.003117711648907182,0.11544233643275585,True,False,False,0.006402218225821215,0.02123542329781436,0.048470846595628725
63,fixed,20260886,2063,0.0055650876280461895,0.003289246736164148,0.0,True,False,False,0.003681918865623036,0.021578493472328295,0.04915698694465659
63,generic_active,20260886,2063,0.04431273401913027,0.026000000000000002,0.03642709213008326,False,False,False,-inf,0.067,0.14
63,task_aware_active,20260886,2063,0.00527242534478848,0.003117711648907182,0.11544233643275585,True,False,False,0.003681918865623036,0.02123542329781436,0.048470846595628725
64,fixed,20260887,2064,0.002052934172271915,0.003289246736164148,0.0,True,False,False,0.013564083390647587,0.021578493472328295,0.04915698694465659
64,generic_active,20260887,2064,0.015744550114312743,0.026000000000000002,0.03642709213008326,False,False,False,-inf,0.067,0.14
64,task_aware_active,20260887,2064,0.0019495209341453422,0.003117711648907182,0.11544233643275585,True,False,False,0.013564083390647587,0.02123542329781436,0.048470846595628725
65,fixed,20260888,2065,0.0032186399613833468,0.003289246736164148,0.0,True,False,False,0.00874965736630117,0.021578493472328295,0.04915698694465659
65,generic_active,20260888,2065,0.02896326765613417,0.026000000000000002,0.03642709213008326,False,False,False,-inf,0.067,0.14
65,task_aware_active,20260888,2065,0.0030241899179737596,0.003117711648907182,0.11544233643275585,True,False,False,0.007484569424912371,0.02123542329781436,0.048470846595628725
66,fixed,20260889,2066,0.004803934370143051,0.003289246736164148,0.0,True,False,False,0.004382785890091124,0.021578493472328295,0.04915698694465659
66,generic_active,20260889,2066,0.042454243709323235,0.026000000000000002,0.03642709213008326,False,False,False,-inf,0.067,0.14
66,task_aware_active,20260889,2066,0.004519560310739563,0.003117711648907182,0.11544233643275585,True,False,False,0.00707766145064769,0.02123542329781436,0.048470846595628725
67,fixed,20260890,2067,0.007846462236549997,0.003289246736164148,0.0,True,False,False,0.0012877121610481348,0.021578493472328295,0.04915698694465659
67,generic_active,20260890,2067,0.061390338539217756,0.026000000000000002,0.03642709213008326,False,False,False,-inf,0.067,0.14
67,task_aware_active,20260890,2067,0.0074420435285065326,0.003117711648907182,0.11544233643275585,True,False,False,0.0012877121610481348,0.02123542329781436,0.048470846595628725
68,fixed,20260891,2068,0.0032821518932169757,0.003289246736164148,0.0,True,False,False,0.007145328141277439,0.021578493472328295,0.04915698694465659
68,generic_active,20260891,2068,0.02910476060135817,0.026000000000000002,0.03642709213008326,False,False,False,-inf,0.067,0.14
68,task_aware_active,20260891,2068,0.0030871128565767023,0.003117711648907182,0.11544233643275585,True,False,False,0.005487571499160826,0.02123542329781436,0.048470846595628725
69,fixed,20260892,2069,0.004441704608387294,0.003289246736164148,0.0,True,False,False,0.004710176291060913,0.021578493472328295,0.04915698694465659
69,generic_active,20260892,2069,0.042104793385582526,0.026000000000000002,0.03642709213008326,False,False,False,-inf,0.067,0.14
69,task_aware_active,20260892,2069,0.004157234025456398,0.003117711648907182,0.11544233643275585,True,False,False,0.005137378400769414,0.02123542329781436,0.048470846595628725
70,fixed,20260893,2070,0.006108344486892264,0.003289246736164148,0.0,True,False,False,0.005772245362888782,0.021578493472328295,0.04915698694465659
70,generic_active,20260893,2070,0.04914649739610978,0.026000000000000002,0.03642709213008326,False,False,False,-inf,0.067,0.14
70,task_aware_active,20260893,2070,0.005783275862840193,0.003117711648907182,0.11544233643275585,True,False,False,0.005772245362888782,0.02123542329781436,0.048470846595628725
71,fixed,20260894,2071,0.005383675692890334,0.003289246736164148,0.0,True,False,False,0.006631125951826749,0.021578493472328295,0.04915698694465659
71,generic_active,20260894,2071,0.04676381079710508,0.026000000000000002,0.03642709213008326,True,False,False,0.0058961755336964985,0.067,0.14
71,task_aware_active,20260894,2071,0.005071130133377364,0.003117711648907182,0.11544233643275585,True,False,False,0.006631125951826749,0.02123542329781436,0.048470846595628725
72,fixed,20260895,2072,0.006930256935971527,0.003289246736164148,0.0,True,False,False,0.007626870417779539,0.021578493472328295,0.04915698694465659
72,generic_active,20260895,2072,0.06335119205183584,0.026000000000000002,0.03642709213008326,True,False,False,0.007626870417779539,0.067,0.14
72,task_aware_active,20260895,2072,0.006504107705438049,0.003117711648907182,0.11544233643275585,True,False,False,0.007626870417779539,0.02123542329781436,0.048470846595628725
73,fixed,20260896,2073,0.006397906073084077,0.003289246736164148,0.0,True,False,False,0.002127998549273825,0.021578493472328295,0.04915698694465659
73,generic_active,20260896,2073,0.05498704804999119,0.026000000000000002,0.03642709213008326,True,False,False,0.004989487878550683,0.067,0.14
73,task_aware_active,20260896,2073,0.0060309106409236705,0.003117711648907182,0.11544233643275585,True,False,False,0.002127998549273825,0.02123542329781436,0.048470846595628725
74,fixed,20260897,2074,0.00636686867372618,0.003289246736164148,0.0,True,False,False,0.0072431431556961145,0.021578493472328295,0.04915698694465659
74,generic_active,20260897,2074,0.045816010077854526,0.026000000000000002,0.03642709213008326,False,False,False,-inf,0.067,0.14
74,task_aware_active,20260897,2074,0.006068907974917253,0.003117711648907182,0.11544233643275585,True,False,True,-0.0001394355306862955,0.02123542329781436,0.048470846595628725
75,fixed,20260898,2075,0.0030050958452471294,0.003289246736164148,0.0,True,False,False,0.008944065139027823,0.021578493472328295,0.04915698694465659
75,generic_active,20260898,2075,0.014543123546387777,0.026000000000000002,0.03642709213008326,False,False,False,-inf,0.067,0.14
75,task_aware_active,20260898,2075,0.0029179487319173384,0.003117711648907182,0.11544233643275585,True,False,False,0.008944065139027823,0.02123542329781436,0.048470846595628725
76,fixed,20260899,2076,0.00449617054437741,0.003289246736164148,0.0,True,False,False,0.00991481055151054,0.021578493472328295,0.04915698694465659
76,generic_active,20260899,2076,0.035250917473125164,0.026000000000000002,0.03642709213008326,False,False,False,-inf,0.067,0.14
76,task_aware_active,20260899,2076,0.004263878901000296,0.003117711648907182,0.11544233643275585,True,False,False,0.005681314814476956,0.02123542329781436,0.048470846595628725
77,fixed,20260900,2077,0.0038295134082318412,0.003289246736164148,0.0,True,False,False,0.006326138869960534,0.021578493472328295,0.04915698694465659
77,generic_active,20260900,2077,0.031009860752450234,0.026000000000000002,0.03642709213008326,False,False,False,-inf,0.067,0.14
77,task_aware_active,20260900,2077,0.0036242193257678516,0.003117711648907182,0.11544233643275585,True,False,False,0.006326138869960534,0.02123542329781436,0.048470846595628725
78,fixed,20260901,2078,0.0025098341637161585,0.003289246736164148,0.0,True,False,False,0.005956515438049479,0.021578493472328295,0.04915698694465659
78,generic_active,20260901,2078,0.018531648723059787,0.026000000000000002,0.03642709213008326,False,False,False,-inf,0.067,0.14
78,task_aware_active,20260901,2078,0.002388820856648609,0.003117711648907182,0.11544233643275585,True,False,False,0.005956515438049479,0.02123542329781436,0.048470846595628725
79,fixed,20260902,2079,0.00493899762023724,0.003289246736164148,0.0,True,False,False,0.007931976500978854,0.021578493472328295,0.04915698694465659
79,generic_active,20260902,2079,0.045185409073261656,0.026000000000000002,0.03642709213008326,False,False,False,-inf,0.067,0.14
79,task_aware_active,20260902,2079,0.004635015113793139,0.003117711648907182,0.11544233643275585,True,False,False,0.007931976500978854,0.02123542329781436,0.048470846595628725
80,fixed,20260903,2080,0.004445504855294084,0.003289246736164148,0.0,True,False,False,0.005466544012286875,0.021578493472328295,0.04915698694465659
80,generic_active,20260903,2080,0.03574718901412324,0.026000000000000002,0.03642709213008326,False,False,False,-inf,0.067,0.14
80,task_aware_active,20260903,2080,0.004209082176526107,0.003117711648907182,0.11544233643275585,True,False,False,0.006560109998418681,0.02123542329781436,0.048470846595628725
81,fixed,20260904,2081,0.003186730366166169,0.003289246736164148,0.0,True,False,False,0.003441710473647939,0.021578493472328295,0.04915698694465659
81,generic_active,20260904,2081,0.01361580625111063,0.026000000000000002,0.03642709213008326,False,False,False,-inf,0.067,0.14
81,task_aware_active,20260904,2081,0.003107959203397994,0.003117711648907182,0.11544233643275585,True,False,False,0.003897102063670428,0.02123542329781436,0.048470846595628725
82,fixed,20260905,2082,0.004614219142935918,0.003289246736164148,0.0,True,False,False,0.005451696010617504,0.021578493472328295,0.04915698694465659
82,generic_active,20260905,2082,0.0331204532666204,0.026000000000000002,0.03642709213008326,False,False,False,-inf,0.067,0.14
82,task_aware_active,20260905,2082,0.004398910592798122,0.003117711648907182,0.11544233643275585,True,False,False,0.005451696010617504,0.02123542329781436,0.048470846595628725
83,fixed,20260906,2083,0.00390987522334811,0.003289246736164148,0.0,True,False,False,0.00961542941440304,0.021578493472328295,0.04915698694465659
83,generic_active,20260906,2083,0.03248825771509104,0.026000000000000002,0.03642709213008326,False,False,False,-inf,0.067,0.14
83,task_aware_active,20260906,2083,0.0036940217341470192,0.003117711648907182,0.11544233643275585,True,False,False,0.00961542941440304,0.02123542329781436,0.048470846595628725
84,fixed,20260907,2084,0.004793552040022908,0.003289246736164148,0.0,True,False,False,0.0016638646644063834,0.021578493472328295,0.04915698694465659
84,generic_active,20260907,2084,0.02594773232409617,0.026000000000000002,0.03642709213008326,False,False,False,-inf,0.067,0.14
84,task_aware_active,20260907,2084,0.004633773801110139,0.003117711648907182,0.11544233643275585,True,False,False,0.0016638646644063834,0.02123542329781436,0.048470846595628725
85,fixed,20260908,2085,0.0030667923044154118,0.003289246736164148,0.0,True,False,False,0.005673827245629764,0.021578493472328295,0.04915698694465659
85,generic_active,20260908,2085,0.02814123947523269,0.026000000000000002,0.03642709213008326,False,False,False,-inf,0.067,0.14
85,task_aware_active,20260908,2085,0.0028774041571620447,0.003117711648907182,0.11544233643275585,True,False,False,0.005673827245629764,0.02123542329781436,0.048470846595628725
86,fixed,20260909,2086,0.004029096259334976,0.003289246736164148,0.0,True,False,False,0.0009565523043542964,0.021578493472328295,0.04915698694465659
86,generic_active,20260909,2086,0.012792906826332067,0.026000000000000002,0.03642709213008326,False,False,False,-inf,0.067,0.14
86,task_aware_active,20260909,2086,0.003962902901816227,0.003117711648907182,0.11544233643275585,True,False,False,0.0009565523043542964,0.02123542329781436,0.048470846595628725
87,fixed,20260910,2087,0.003588032877748574,0.003289246736164148,0.0,True,False,False,0.00790291192491068,0.021578493472328295,0.04915698694465659
87,generic_active,20260910,2087,0.02104990440091234,0.026000000000000002,0.03642709213008326,False,False,False,-inf,0.067,0.14
87,task_aware_active,20260910,2087,0.003456142771744666,0.003117711648907182,0.11544233643275585,True,False,False,0.008176696736829072,0.02123542329781436,0.048470846595628725
88,fixed,20260911,2088,0.00388627491754312,0.003289246736164148,0.0,True,False,False,0.002346501907110372,0.021578493472328295,0.04915698694465659
88,generic_active,20260911,2088,0.02766783115516976,0.026000000000000002,0.03642709213008326,False,False,False,-inf,0.067,0.14
88,task_aware_active,20260911,2088,0.0037066520192210435,0.003117711648907182,0.11544233643275585,True,False,False,0.0042346263194684,0.02123542329781436,0.048470846595628725
89,fixed,20260912,2089,0.0060425147149465565,0.003289246736164148,0.0,True,False,False,0.004494899458322132,0.021578493472328295,0.04915698694465659
89,generic_active,20260912,2089,0.05033603437766735,0.026000000000000002,0.03642709213008326,False,False,False,-inf,0.067,0.14
89,task_aware_active,20260912,2089,0.005707964263361071,0.003117711648907182,0.11544233643275585,True,False,False,0.004494899458322132,0.02123542329781436,0.048470846595628725
90,fixed,20260913,2090,0.005973072729738068,0.003289246736164148,0.0,True,False,False,0.005613394472150165,0.021578493472328295,0.04915698694465659
90,generic_active,20260913,2090,0.042318989823700824,0.026000000000000002,0.03642709213008326,False,False,False,-inf,0.067,0.14
90,task_aware_active,20260913,2090,0.005698550789064469,0.003117711648907182,0.11544233643275585,True,False,False,0.004490962989798687,0.02123542329781436,0.048470846595628725
91,fixed,20260914,2091,0.0033741963930243807,0.003289246736164148,0.0,True,False,False,0.006142797614607542,0.021578493472328295,0.04915698694465659
91,generic_active,20260914,2091,0.025193647253132334,0.026000000000000002,0.03642709213008326,False,False,False,-inf,0.067,0.14
91,task_aware_active,20260914,2091,0.0032093933429578913,0.003117711648907182,0.11544233643275585,True,False,False,0.008183954949423587,0.02123542329781436,0.048470846595628725
92,fixed,20260915,2092,0.004907617060924468,0.003289246736164148,0.0,True,False,False,0.006872924800808455,0.021578493472328295,0.04915698694465659
92,generic_active,20260915,2092,0.03454021991255194,0.026000000000000002,0.03642709213008326,False,False,False,-inf,0.067,0.14
92,task_aware_active,20260915,2092,0.004683801009701758,0.003117711648907182,0.11544233643275585,True,False,False,0.006872924800808455,0.02123542329781436,0.048470846595628725
93,fixed,20260916,2093,0.003459122481107286,0.003289246736164148,0.0,True,False,False,0.0026775691636911816,0.021578493472328295,0.04915698694465659
93,generic_active,20260916,2093,0.02472730190791719,0.026000000000000002,0.03642709213008326,False,False,False,-inf,0.067,0.14
93,task_aware_active,20260916,2093,0.0032984832028150873,0.003117711648907182,0.11544233643275585,True,False,False,0.003929035783241696,0.02123542329781436,0.048470846595628725
94,fixed,20260917,2094,0.006357174825656587,0.003289246736164148,0.0,True,False,False,0.009117397154421376,0.021578493472328295,0.04915698694465659
94,generic_active,20260917,2094,0.05973564930974777,0.026000000000000002,0.03642709213008326,True,False,False,0.0037810219365677963,0.067,0.14
94,task_aware_active,20260917,2094,0.0059540054031411,0.003117711648907182,0.11544233643275585,True,False,False,0.009117397154421376,0.02123542329781436,0.048470846595628725
95,fixed,20260918,2095,0.0063119316896862905,0.003289246736164148,0.0,True,False,False,0.0035127360380261177,0.021578493472328295,0.04915698694465659
95,generic_active,20260918,2095,0.050674273727390404,0.026000000000000002,0.03642709213008326,False,False,False,-inf,0.067,0.14
95,task_aware_active,20260918,2095,0.00597686142037565,0.003117711648907182,0.11544233643275585,True,False,False,0.0035127360380261177,0.02123542329781436,0.048470846595628725
96,fixed,20260919,2096,0.008129314907092717,0.003289246736164148,0.0,True,False,False,0.004718067637665703,0.021578493472328295,0.04915698694465659
96,generic_active,20260919,2096,0.0792680814448721,0.026000000000000002,0.03642709213008326,False,False,False,-inf,0.067,0.14
96,task_aware_active,20260919,2096,0.007592001398216617,0.003117711648907182,0.11544233643275585,True,False,False,0.005340429359491623,0.02123542329781436,0.048470846595628725
97,fixed,20260920,2097,0.006138104378814441,0.003289246736164148,0.0,True,False,False,0.003897815365028241,0.021578493472328295,0.04915698694465659
97,generic_active,20260920,2097,0.050867977773676146,0.026000000000000002,0.03642709213008326,False,False,False,-inf,0.067,0.14
97,task_aware_active,20260920,2097,0.005800258132736881,0.003117711648907182,0.11544233643275585,True,False,False,0.003897815365028241,0.02123542329781436,0.048470846595628725
98,fixed,20260921,2098,0.007101577789831198,0.003289246736164148,0.0,True,False,False,0.0026516915195742476,0.021578493472328295,0.04915698694465659
98,generic_active,20260921,2098,0.06804075238914999,0.026000000000000002,0.03642709213008326,True,True,True,-0.022446986678255586,0.067,0.14
98,task_aware_active,20260921,2098,0.006641302143716584,0.003117711648907182,0.11544233643275585,True,False,False,0.0026516915195742476,0.02123542329781436,0.048470846595628725
99,fixed,20260922,2099,0.006371157258234004,0.003289246736164148,0.0,True,False,False,0.0068313146031052634,0.021578493472328295,0.04915698694465659
99,generic_active,20260922,2099,0.036114143391872286,0.026000000000000002,0.03642709213008326,False,False,False,-inf,0.067,0.14
99,task_aware_active,20260922,2099,0.006146507478350189,0.003117711648907182,0.11544233643275585,True,False,False,0.0068313146031052634,0.02123542329781436,0.048470846595628725
