scenario_id,scenario_name,repetition,variant,perception_seed,planner_seed,selected_candidate_index,differs_from_generic,mean_localisation_error,mean_predicted_sigma,camera_movement,planning_success,collision_against_truth,safety_violation_against_truth,safe_navigation_success,minimum_true_safety_clearance
0,baseline,0,generic_baseline,20260910,7000,0,False,0.02104990440091234,0.026000000000000002,0.0,False,False,False,False,-inf
0,baseline,0,alignment_only,20260910,7000,3,True,0.003354139310483638,0.0029850468633666727,0.1993389073166024,True,False,False,True,0.010126132075018382
0,baseline,0,uncertainty_only,20260910,7000,0,False,0.02104990440091234,0.026000000000000002,0.0,False,False,False,False,-inf
0,baseline,0,full_task_aware,20260910,7000,3,True,0.003354139310483638,0.0029850468633666727,0.1993389073166024,True,False,False,True,0.010126132075018382
0,baseline,1,generic_baseline,20260911,7001,0,False,0.02766783115516976,0.026000000000000002,0.0,False,False,False,False,-inf
0,baseline,1,alignment_only,20260911,7001,3,True,0.0035677321418646083,0.0029850468633666727,0.1993389073166024,True,False,False,True,0.010635191571308175
0,baseline,1,uncertainty_only,20260911,7001,0,False,0.02766783115516976,0.026000000000000002,0.0,False,False,False,False,-inf
0,baseline,1,full_task_aware,20260911,7001,3,True,0.0035677321418646083,0.0029850468633666727,0.1993389073166024,True,False,False,True,0.010635191571308175
0,baseline,2,generic_baseline,20260912,7002,0,False,0.05033603437766735,0.026000000000000002,0.0,False,False,False,False,-inf
0,baseline,2,alignment_only,20260912,7002,3,True,0.00544922382359564,0.0029850468633666727,0.1993389073166024,True,False,False,True,0.005493308081097331
0,baseline,2,uncertainty_only,20260912,7002,0,False,0.05033603437766735,0.026000000000000002,0.0,False,False,False,False,-inf
0,baseline,2,full_task_aware,20260912,7002,3,True,0.00544922382359564,0.0029850468633666727,0.1993389073166024,True,False,False,True,0.005493308081097331
0,baseline,3,generic_baseline,20260913,7003,0,False,0.042318989823700824,0.026000000000000002,0.0,False,False,False,False,-inf
0,baseline,3,alignment_only,20260913,7003,3,True,0.005486236241830946,0.0029850468633666727,0.1993389073166024,True,False,False,True,0.004313092578122504
0,baseline,3,uncertainty_only,20260913,7003,0,False,0.042318989823700824,0.026000000000000002,0.0,False,False,False,False,-inf
0,baseline,3,full_task_aware,20260913,7003,3,True,0.005486236241830946,0.0029850468633666727,0.1993389073166024,True,False,False,True,0.004313092578122504
0,baseline,4,generic_baseline,20260914,7004,0,False,0.025193647253132334,0.026000000000000002,0.0,False,False,False,False,-inf
0,baseline,4,alignment_only,20260914,7004,3,True,0.0030819350972828216,0.0029850468633666727,0.1993389073166024,True,False,False,True,0.007244664124477029
0,baseline,4,uncertainty_only,20260914,7004,0,False,0.025193647253132334,0.026000000000000002,0.0,False,False,False,False,-inf
0,baseline,4,full_task_aware,20260914,7004,3,True,0.0030819350972828216,0.0029850468633666727,0.1993389073166024,True,False,False,True,0.007244664124477029
0,baseline,5,generic_baseline,20260915,7005,0,False,0.03454021991255194,0.026000000000000002,0.0,False,False,False,False,-inf
0,baseline,5,alignment_only,20260915,7005,3,True,0.004510702264070182,0.0029850468633666727,0.1993389073166024,True,False,False,True,0.00303545241675701
0,baseline,5,uncertainty_only,20260915,7005,0,False,0.03454021991255194,0.026000000000000002,0.0,False,False,False,False,-inf
0,baseline,5,full_task_aware,20260915,7005,3,True,0.004510702264070182,0.0029850468633666727,0.1993389073166024,True,False,False,True,0.00303545241675701
0,baseline,6,generic_baseline,20260916,7006,0,False,0.02472730190791719,0.026000000000000002,0.0,False,False,False,False,-inf
0,baseline,6,alignment_only,20260916,7006,3,True,0.003174245207284233,0.0029850468633666727,0.1993389073166024,True,False,False,True,0.004922720458863881
0,baseline,6,uncertainty_only,20260916,7006,0,False,0.02472730190791719,0.026000000000000002,0.0,False,False,False,False,-inf
0,baseline,6,full_task_aware,20260916,7006,3,True,0.003174245207284233,0.0029850468633666727,0.1993389073166024,True,False,False,True,0.004922720458863881
0,baseline,7,generic_baseline,20260917,7007,0,False,0.05973564930974777,0.026000000000000002,0.0,True,False,False,True,0.005546601011509269
0,baseline,7,alignment_only,20260917,7007,3,True,0.005642195231649003,0.0029850468633666727,0.1993389073166024,True,False,False,True,0.006647743860763436
0,baseline,7,uncertainty_only,20260917,7007,0,False,0.05973564930974777,0.026000000000000002,0.0,True,False,False,True,0.005546601011509269
0,baseline,7,full_task_aware,20260917,7007,3,True,0.005642195231649003,0.0029850468633666727,0.1993389073166024,True,False,False,True,0.006647743860763436
0,baseline,8,generic_baseline,20260918,7008,0,False,0.050674273727390404,0.026000000000000002,0.0,False,False,False,False,-inf
0,baseline,8,alignment_only,20260918,7008,3,True,0.005717718954948122,0.0029850468633666727,0.1993389073166024,True,False,False,True,0.003808530328560508
0,baseline,8,uncertainty_only,20260918,7008,0,False,0.050674273727390404,0.026000000000000002,0.0,False,False,False,False,-inf
0,baseline,8,full_task_aware,20260918,7008,3,True,0.005717718954948122,0.0029850468633666727,0.1993389073166024,True,False,False,True,0.003808530328560508
0,baseline,9,generic_baseline,20260919,7009,0,False,0.0792680814448721,0.026000000000000002,0.0,False,False,False,False,-inf
0,baseline,9,alignment_only,20260919,7009,3,True,0.007176444542981037,0.0029850468633666727,0.1993389073166024,True,False,False,True,0.005840092166687716
0,baseline,9,uncertainty_only,20260919,7009,0,False,0.0792680814448721,0.026000000000000002,0.0,False,False,False,False,-inf
0,baseline,9,full_task_aware,20260919,7009,3,True,0.007176444542981037,0.0029850468633666727,0.1993389073166024,True,False,False,True,0.005840092166687716
1,lateral_positive,0,generic_baseline,20261910,8000,3,False,0.005513360629348308,0.0029850468633666727,0.0,True,False,False,True,0.00975217592788266
1,lateral_positive,0,alignment_only,20261910,8000,3,False,0.005513360629348308,0.0029850468633666727,0.0,True,False,False,True,0.00975217592788266
1,lateral_positive,0,uncertainty_only,20261910,8000,3,False,0.005513360629348308,0.0029850468633666727,0.0,True,False,False,True,0.00975217592788266
1,lateral_positive,0,full_task_aware,20261910,8000,3,False,0.005513360629348308,0.0029850468633666727,0.0,True,False,False,True,0.00975217592788266
1,lateral_positive,1,generic_baseline,20261911,8001,3,False,0.004657989907706734,0.0029850468633666727,0.0,True,False,False,True,0.005645445629937301
1,lateral_positive,1,alignment_only,20261911,8001,3,False,0.004657989907706734,0.0029850468633666727,0.0,True,False,False,True,0.005645445629937301
1,lateral_positive,1,uncertainty_only,20261911,8001,3,False,0.004657989907706734,0.0029850468633666727,0.0,True,False,False,True,0.005645445629937301
1,lateral_positive,1,full_task_aware,20261911,8001,3,False,0.004657989907706734,0.0029850468633666727,0.0,True,False,False,True,0.005645445629937301
1,lateral_positive,2,generic_baseline,20261912,8002,3,False,0.005553911598909748,0.0029850468633666727,0.0,True,False,False,True,0.010898571960976091
1,lateral_positive,2,alignment_only,20261912,8002,3,False,0.005553911598909748,0.0029850468633666727,0.0,True,False,False,True,0.010898571960976091
1,lateral_positive,2,uncertainty_only,20261912,8002,3,False,0.005553911598909748,0.0029850468633666727,0.0,True,False,False,True,0.010898571960976091
1,lateral_positive,2,full_task_aware,20261912,8002,3,False,0.005553911598909748,0.0029850468633666727,0.0,True,False,False,True,0.010898571960976091
1,lateral_positive,3,generic_baseline,20261913,8003,3,False,0.003457595756470958,0.0029850468633666727,0.0,True,False,False,True,0.006796068754792236
1,lateral_positive,3,alignment_only,20261913,8003,3,False,0.003457595756470958,0.0029850468633666727,0.0,True,False,False,True,0.006796068754792236
1,lateral_positive,3,uncertainty_only,20261913,8003,3,False,0.003457595756470958,0.0029850468633666727,0.0,True,False,False,True,0.006796068754792236
1,lateral_positive,3,full_task_aware,20261913,8003,3,False,0.003457595756470958,0.0029850468633666727,0.0,True,False,False,True,0.006796068754792236
1,lateral_positive,4,generic_baseline,20261914,8004,3,False,0.005706892142173833,0.0029850468633666727,0.0,True,False,False,True,0.007237742554437319
1,lateral_positive,4,alignment_only,20261914,8004,3,False,0.005706892142173833,0.0029850468633666727,0.0,True,False,False,True,0.007237742554437319
1,lateral_positive,4,uncertainty_only,20261914,8004,3,False,0.005706892142173833,0.0029850468633666727,0.0,True,False,False,True,0.007237742554437319
1,lateral_positive,4,full_task_aware,20261914,8004,3,False,0.005706892142173833,0.0029850468633666727,0.0,True,False,False,True,0.007237742554437319
1,lateral_positive,5,generic_baseline,20261915,8005,3,False,0.003990419722162821,0.0029850468633666727,0.0,True,False,False,True,0.011514365461552397
1,lateral_positive,5,alignment_only,20261915,8005,3,False,0.003990419722162821,0.0029850468633666727,0.0,True,False,False,True,0.011514365461552397
1,lateral_positive,5,uncertainty_only,20261915,8005,3,False,0.003990419722162821,0.0029850468633666727,0.0,True,False,False,True,0.011514365461552397
1,lateral_positive,5,full_task_aware,20261915,8005,3,False,0.003990419722162821,0.0029850468633666727,0.0,True,False,False,True,0.011514365461552397
1,lateral_positive,6,generic_baseline,20261916,8006,3,False,0.005691291304499289,0.0029850468633666727,0.0,True,False,False,True,0.00318806750106807
1,lateral_positive,6,alignment_only,20261916,8006,3,False,0.005691291304499289,0.0029850468633666727,0.0,True,False,False,True,0.00318806750106807
1,lateral_positive,6,uncertainty_only,20261916,8006,3,False,0.005691291304499289,0.0029850468633666727,0.0,True,False,False,True,0.00318806750106807
1,lateral_positive,6,full_task_aware,20261916,8006,3,False,0.005691291304499289,0.0029850468633666727,0.0,True,False,False,True,0.00318806750106807
1,lateral_positive,7,generic_baseline,20261917,8007,3,False,0.005317019391958358,0.0029850468633666727,0.0,True,False,False,True,0.002609652740782153
1,lateral_positive,7,alignment_only,20261917,8007,3,False,0.005317019391958358,0.0029850468633666727,0.0,True,False,False,True,0.002609652740782153
1,lateral_positive,7,uncertainty_only,20261917,8007,3,False,0.005317019391958358,0.0029850468633666727,0.0,True,False,False,True,0.002609652740782153
1,lateral_positive,7,full_task_aware,20261917,8007,3,False,0.005317019391958358,0.0029850468633666727,0.0,True,False,False,True,0.002609652740782153
1,lateral_positive,8,generic_baseline,20261918,8008,3,False,0.0027248496606574976,0.0029850468633666727,0.0,True,False,False,True,0.012839922144267829
1,lateral_positive,8,alignment_only,20261918,8008,3,False,0.0027248496606574976,0.0029850468633666727,0.0,True,False,False,True,0.012839922144267829
1,lateral_positive,8,uncertainty_only,20261918,8008,3,False,0.0027248496606574976,0.0029850468633666727,0.0,True,False,False,True,0.012839922144267829
1,lateral_positive,8,full_task_aware,20261918,8008,3,False,0.0027248496606574976,0.0029850468633666727,0.0,True,False,False,True,0.012839922144267829
1,lateral_positive,9,generic_baseline,20261919,8009,3,False,0.005643879860964348,0.0029850468633666727,0.0,True,False,False,True,0.003866240522673486
1,lateral_positive,9,alignment_only,20261919,8009,3,False,0.005643879860964348,0.0029850468633666727,0.0,True,False,False,True,0.003866240522673486
1,lateral_positive,9,uncertainty_only,20261919,8009,3,False,0.005643879860964348,0.0029850468633666727,0.0,True,False,False,True,0.003866240522673486
1,lateral_positive,9,full_task_aware,20261919,8009,3,False,0.005643879860964348,0.0029850468633666727,0.0,True,False,False,True,0.003866240522673486
2,lateral_negative,0,generic_baseline,20262910,9000,6,False,0.0035783143683242287,0.0032375668825886986,0.0,True,False,False,True,0.00661639752847897
2,lateral_negative,0,alignment_only,20262910,9000,5,True,0.003456017485852521,0.0030970156745426455,0.07296310404050822,True,False,False,True,0.00661639752847897
2,lateral_negative,0,uncertainty_only,20262910,9000,6,False,0.0035783143683242287,0.0032375668825886986,0.0,True,False,False,True,0.00661639752847897
2,lateral_negative,0,full_task_aware,20262910,9000,5,True,0.003456017485852521,0.0030970156745426455,0.07296310404050822,True,False,False,True,0.00661639752847897
2,lateral_negative,1,generic_baseline,20262911,9001,6,False,0.00361047478864068,0.0032375668825886986,0.0,True,False,False,True,0.006475010334211979
2,lateral_negative,1,alignment_only,20262911,9001,5,True,0.0034690136107181505,0.0030970156745426455,0.07296310404050822,True,False,False,True,0.006475010334211979
2,lateral_negative,1,uncertainty_only,20262911,9001,6,False,0.00361047478864068,0.0032375668825886986,0.0,True,False,False,True,0.006475010334211979
2,lateral_negative,1,full_task_aware,20262911,9001,5,True,0.0034690136107181505,0.0030970156745426455,0.07296310404050822,True,False,False,True,0.006475010334211979
2,lateral_negative,2,generic_baseline,20262912,9002,6,False,0.005534429323174922,0.0032375668825886986,0.0,True,False,False,True,0.0036720280285098533
2,lateral_negative,2,alignment_only,20262912,9002,5,True,0.005290195301731068,0.0030970156745426455,0.07296310404050822,True,False,False,True,0.0036720280285098533
2,lateral_negative,2,uncertainty_only,20262912,9002,6,False,0.005534429323174922,0.0032375668825886986,0.0,True,False,False,True,0.0036720280285098533
2,lateral_negative,2,full_task_aware,20262912,9002,5,True,0.005290195301731068,0.0030970156745426455,0.07296310404050822,True,False,False,True,0.0036720280285098533
2,lateral_negative,3,generic_baseline,20262913,9003,6,False,0.006961687744657591,0.0032375668825886986,0.0,True,False,False,True,0.003992727652692108
2,lateral_negative,3,alignment_only,20262913,9003,5,True,0.006628425497545754,0.0030970156745426455,0.07296310404050822,True,False,False,True,0.003992727652692108
2,lateral_negative,3,uncertainty_only,20262913,9003,6,False,0.006961687744657591,0.0032375668825886986,0.0,True,False,False,True,0.003992727652692108
2,lateral_negative,3,full_task_aware,20262913,9003,5,True,0.006628425497545754,0.0030970156745426455,0.07296310404050822,True,False,False,True,0.003992727652692108
2,lateral_negative,4,generic_baseline,20262914,9004,6,False,0.005494934381182732,0.0032375668825886986,0.0,True,False,False,True,0.004133260661393077
2,lateral_negative,4,alignment_only,20262914,9004,5,True,0.005238381936788715,0.0030970156745426455,0.07296310404050822,True,False,False,True,0.004133260661393077
2,lateral_negative,4,uncertainty_only,20262914,9004,6,False,0.005494934381182732,0.0032375668825886986,0.0,True,False,False,True,0.004133260661393077
2,lateral_negative,4,full_task_aware,20262914,9004,5,True,0.005238381936788715,0.0030970156745426455,0.07296310404050822,True,False,False,True,0.004133260661393077
2,lateral_negative,5,generic_baseline,20262915,9005,6,False,0.0028023699380751,0.0032375668825886986,0.0,True,False,False,True,0.005358293822737571
2,lateral_negative,5,alignment_only,20262915,9005,5,True,0.0027149535441162477,0.0030970156745426455,0.07296310404050822,True,False,False,True,0.005358293822737571
2,lateral_negative,5,uncertainty_only,20262915,9005,6,False,0.0028023699380751,0.0032375668825886986,0.0,True,False,False,True,0.005358293822737571
2,lateral_negative,5,full_task_aware,20262915,9005,5,True,0.0027149535441162477,0.0030970156745426455,0.07296310404050822,True,False,False,True,0.005358293822737571
2,lateral_negative,6,generic_baseline,20262916,9006,6,False,0.006209257809614075,0.0032375668825886986,0.0,True,False,False,True,0.005171505394142779
2,lateral_negative,6,alignment_only,20262916,9006,5,True,0.005953588140495273,0.0030970156745426455,0.07296310404050822,True,False,False,True,0.005171505394142779
2,lateral_negative,6,uncertainty_only,20262916,9006,6,False,0.006209257809614075,0.0032375668825886986,0.0,True,False,False,True,0.005171505394142779
2,lateral_negative,6,full_task_aware,20262916,9006,5,True,0.005953588140495273,0.0030970156745426455,0.07296310404050822,True,False,False,True,0.005171505394142779
2,lateral_negative,7,generic_baseline,20262917,9007,6,False,0.0036999548423351436,0.0032375668825886986,0.0,True,False,False,True,0.006021814069888829
2,lateral_negative,7,alignment_only,20262917,9007,5,True,0.0035354946972387634,0.0030970156745426455,0.07296310404050822,True,False,False,True,0.006021814069888829
2,lateral_negative,7,uncertainty_only,20262917,9007,6,False,0.0036999548423351436,0.0032375668825886986,0.0,True,False,False,True,0.006021814069888829
2,lateral_negative,7,full_task_aware,20262917,9007,5,True,0.0035354946972387634,0.0030970156745426455,0.07296310404050822,True,False,False,True,0.006021814069888829
2,lateral_negative,8,generic_baseline,20262918,9008,6,False,0.004717677032261095,0.0032375668825886986,0.0,True,False,False,True,0.00818050346832625
2,lateral_negative,8,alignment_only,20262918,9008,5,True,0.004587857912635561,0.0030970156745426455,0.07296310404050822,True,False,False,True,0.006807961923457338
2,lateral_negative,8,uncertainty_only,20262918,9008,6,False,0.004717677032261095,0.0032375668825886986,0.0,True,False,False,True,0.00818050346832625
2,lateral_negative,8,full_task_aware,20262918,9008,5,True,0.004587857912635561,0.0030970156745426455,0.07296310404050822,True,False,False,True,0.006807961923457338
2,lateral_negative,9,generic_baseline,20262919,9009,6,False,0.00519931357652752,0.0032375668825886986,0.0,True,False,False,True,0.009707042908527695
2,lateral_negative,9,alignment_only,20262919,9009,5,True,0.00491683357393267,0.0030970156745426455,0.07296310404050822,True,False,False,True,0.009707042908527695
2,lateral_negative,9,uncertainty_only,20262919,9009,6,False,0.00519931357652752,0.0032375668825886986,0.0,True,False,False,True,0.009707042908527695
2,lateral_negative,9,full_task_aware,20262919,9009,5,True,0.00491683357393267,0.0030970156745426455,0.07296310404050822,True,False,False,True,0.009707042908527695
3,superior_shift,0,generic_baseline,20263910,10000,9,False,0.050937249196235025,0.026000000000000002,0.0,False,False,False,False,-inf
3,superior_shift,0,alignment_only,20263910,10000,58,True,0.004347481419261197,0.002847498140986786,0.11692792275174294,True,False,False,True,0.004893399412236007
3,superior_shift,0,uncertainty_only,20263910,10000,9,False,0.050937249196235025,0.026000000000000002,0.0,False,False,False,False,-inf
3,superior_shift,0,full_task_aware,20263910,10000,22,True,0.005103585413889965,0.003058118045019235,0.09153744774286736,True,False,False,True,0.0027595037037776143
3,superior_shift,1,generic_baseline,20263911,10001,9,False,0.05757079975016126,0.026000000000000002,0.0,True,False,False,True,0.0019471379088294213
3,superior_shift,1,alignment_only,20263911,10001,58,True,0.005931706666115905,0.002847498140986786,0.11692792275174294,True,False,False,True,0.0065118184164034126
3,superior_shift,1,uncertainty_only,20263911,10001,9,False,0.05757079975016126,0.026000000000000002,0.0,True,False,False,True,0.0019471379088294213
3,superior_shift,1,full_task_aware,20263911,10001,22,True,0.0065022494476706,0.003058118045019235,0.09153744774286736,True,False,False,True,0.00841364129259292
3,superior_shift,2,generic_baseline,20263912,10002,9,False,0.037898346085199396,0.026000000000000002,0.0,False,False,False,False,-inf
3,superior_shift,2,alignment_only,20263912,10002,58,True,0.0032969292235349233,0.002847498140986786,0.11692792275174294,True,False,False,True,0.008174799102003907
3,superior_shift,2,uncertainty_only,20263912,10002,9,False,0.037898346085199396,0.026000000000000002,0.0,False,False,False,False,-inf
3,superior_shift,2,full_task_aware,20263912,10002,22,True,0.003842100577106455,0.003058118045019235,0.09153744774286736,True,False,False,True,0.0070952868507042546
3,superior_shift,3,generic_baseline,20263913,10003,9,False,0.04656487104808338,0.026000000000000002,0.0,False,False,False,False,-inf
3,superior_shift,3,alignment_only,20263913,10003,58,True,0.00634937945002688,0.002847498140986786,0.11692792275174294,True,False,False,True,0.00757423580941134
3,superior_shift,3,uncertainty_only,20263913,10003,9,False,0.04656487104808338,0.026000000000000002,0.0,False,False,False,False,-inf
3,superior_shift,3,full_task_aware,20263913,10003,22,True,0.006377952956551594,0.003058118045019235,0.09153744774286736,True,False,False,True,0.0039080350652079664
3,superior_shift,4,generic_baseline,20263914,10004,9,False,0.0665585124311837,0.026000000000000002,0.0,False,False,False,False,-inf
3,superior_shift,4,alignment_only,20263914,10004,58,True,0.00645987248369304,0.002847498140986786,0.11692792275174294,True,False,False,True,0.006405464336151334
3,superior_shift,4,uncertainty_only,20263914,10004,9,False,0.0665585124311837,0.026000000000000002,0.0,False,False,False,False,-inf
3,superior_shift,4,full_task_aware,20263914,10004,22,True,0.007230487766686336,0.003058118045019235,0.09153744774286736,True,False,False,True,0.004757208339538096
3,superior_shift,5,generic_baseline,20263915,10005,9,False,0.032376722932834556,0.026000000000000002,0.0,False,False,False,False,-inf
3,superior_shift,5,alignment_only,20263915,10005,58,True,0.003786163482091272,0.002847498140986786,0.11692792275174294,True,False,False,True,0.0031615679356420314
3,superior_shift,5,uncertainty_only,20263915,10005,9,False,0.032376722932834556,0.026000000000000002,0.0,False,False,False,False,-inf
3,superior_shift,5,full_task_aware,20263915,10005,22,True,0.003981400228072696,0.003058118045019235,0.09153744774286736,True,False,False,True,0.0022966299203733952
3,superior_shift,6,generic_baseline,20263916,10006,9,False,0.039604330517466924,0.026000000000000002,0.0,False,False,False,False,-inf
3,superior_shift,6,alignment_only,20263916,10006,58,True,0.0031437266110356196,0.002847498140986786,0.11692792275174294,True,False,False,True,0.0042645372848666135
3,superior_shift,6,uncertainty_only,20263916,10006,9,False,0.039604330517466924,0.026000000000000002,0.0,False,False,False,False,-inf
3,superior_shift,6,full_task_aware,20263916,10006,22,True,0.003797586276018012,0.003058118045019235,0.09153744774286736,True,False,False,True,0.00321563957385825
3,superior_shift,7,generic_baseline,20263917,10007,9,False,0.053287807596931386,0.026000000000000002,0.0,False,False,False,False,-inf
3,superior_shift,7,alignment_only,20263917,10007,58,True,0.004639659426264541,0.002847498140986786,0.11692792275174294,True,False,False,True,0.008032713215087672
3,superior_shift,7,uncertainty_only,20263917,10007,9,False,0.053287807596931386,0.026000000000000002,0.0,False,False,False,False,-inf
3,superior_shift,7,full_task_aware,20263917,10007,22,True,0.005405110664114325,0.003058118045019235,0.09153744774286736,True,False,False,True,0.005858108548963617
3,superior_shift,8,generic_baseline,20263918,10008,9,False,0.035350606237487786,0.026000000000000002,0.0,False,False,False,False,-inf
3,superior_shift,8,alignment_only,20263918,10008,58,True,0.0033210948680481066,0.002847498140986786,0.11692792275174294,True,False,False,True,0.005515673288481527
3,superior_shift,8,uncertainty_only,20263918,10008,9,False,0.035350606237487786,0.026000000000000002,0.0,False,False,False,False,-inf
3,superior_shift,8,full_task_aware,20263918,10008,22,True,0.0037610395098720056,0.003058118045019235,0.09153744774286736,True,False,False,True,0.005664567053997925
3,superior_shift,9,generic_baseline,20263919,10009,9,False,0.061355075425053106,0.026000000000000002,0.0,False,False,False,False,-inf
3,superior_shift,9,alignment_only,20263919,10009,58,True,0.005824887196112471,0.002847498140986786,0.11692792275174294,True,False,False,True,0.0030617392415917596
3,superior_shift,9,uncertainty_only,20263919,10009,9,False,0.061355075425053106,0.026000000000000002,0.0,False,False,False,False,-inf
3,superior_shift,9,full_task_aware,20263919,10009,22,True,0.006571515599276401,0.003058118045019235,0.09153744774286736,True,False,False,True,0.004444189253729731
4,larger_anatomy,0,generic_baseline,20264910,11000,12,False,0.036409188209036145,0.026000000000000002,0.0,False,False,False,False,-inf
4,larger_anatomy,0,alignment_only,20264910,11000,3,True,0.004642888387398823,0.0029850468633666727,0.21213203435596428,True,False,False,True,0.007199741510681193
4,larger_anatomy,0,uncertainty_only,20264910,11000,12,False,0.036409188209036145,0.026000000000000002,0.0,False,False,False,False,-inf
4,larger_anatomy,0,full_task_aware,20264910,11000,3,True,0.004642888387398823,0.0029850468633666727,0.21213203435596428,True,False,False,True,0.007199741510681193
4,larger_anatomy,1,generic_baseline,20264911,11001,12,False,0.024281505854190352,0.026000000000000002,0.0,False,False,False,False,-inf
4,larger_anatomy,1,alignment_only,20264911,11001,3,True,0.0033441548714991613,0.0029850468633666727,0.21213203435596428,True,False,False,True,0.0060038758734521965
4,larger_anatomy,1,uncertainty_only,20264911,11001,12,False,0.024281505854190352,0.026000000000000002,0.0,False,False,False,False,-inf
4,larger_anatomy,1,full_task_aware,20264911,11001,3,True,0.0033441548714991613,0.0029850468633666727,0.21213203435596428,True,False,False,True,0.0060038758734521965
4,larger_anatomy,2,generic_baseline,20264912,11002,12,False,0.05938901102463032,0.026000000000000002,0.0,False,False,False,False,-inf
4,larger_anatomy,2,alignment_only,20264912,11002,3,True,0.006361436687775264,0.0029850468633666727,0.21213203435596428,True,False,False,True,0.002568705732885262
4,larger_anatomy,2,uncertainty_only,20264912,11002,12,False,0.05938901102463032,0.026000000000000002,0.0,False,False,False,False,-inf
4,larger_anatomy,2,full_task_aware,20264912,11002,3,True,0.006361436687775264,0.0029850468633666727,0.21213203435596428,True,False,False,True,0.002568705732885262
4,larger_anatomy,3,generic_baseline,20264913,11003,12,False,0.03895378315453237,0.026000000000000002,0.0,False,False,False,False,-inf
4,larger_anatomy,3,alignment_only,20264913,11003,3,True,0.004303547969812627,0.0029850468633666727,0.21213203435596428,True,False,False,True,0.0102019115233746
4,larger_anatomy,3,uncertainty_only,20264913,11003,12,False,0.03895378315453237,0.026000000000000002,0.0,False,False,False,False,-inf
4,larger_anatomy,3,full_task_aware,20264913,11003,3,True,0.004303547969812627,0.0029850468633666727,0.21213203435596428,True,False,False,True,0.0102019115233746
4,larger_anatomy,4,generic_baseline,20264914,11004,12,False,0.03212977898740059,0.026000000000000002,0.0,False,False,False,False,-inf
4,larger_anatomy,4,alignment_only,20264914,11004,3,True,0.003686524764074211,0.0029850468633666727,0.21213203435596428,True,False,False,True,0.0037748352287144456
4,larger_anatomy,4,uncertainty_only,20264914,11004,12,False,0.03212977898740059,0.026000000000000002,0.0,False,False,False,False,-inf
4,larger_anatomy,4,full_task_aware,20264914,11004,3,True,0.003686524764074211,0.0029850468633666727,0.21213203435596428,True,False,False,True,0.0037748352287144456
4,larger_anatomy,5,generic_baseline,20264915,11005,12,False,0.03950151167050577,0.026000000000000002,0.0,False,False,False,False,-inf
4,larger_anatomy,5,alignment_only,20264915,11005,3,True,0.005557262449689467,0.0029850468633666727,0.21213203435596428,True,False,False,True,0.0008073684249740431
4,larger_anatomy,5,uncertainty_only,20264915,11005,12,False,0.03950151167050577,0.026000000000000002,0.0,False,False,False,False,-inf
4,larger_anatomy,5,full_task_aware,20264915,11005,3,True,0.005557262449689467,0.0029850468633666727,0.21213203435596428,True,False,False,True,0.0008073684249740431
4,larger_anatomy,6,generic_baseline,20264916,11006,12,False,0.06223122168341539,0.026000000000000002,0.0,True,False,False,True,0.0021900628764170618
4,larger_anatomy,6,alignment_only,20264916,11006,3,True,0.006542491412180725,0.0029850468633666727,0.21213203435596428,True,False,False,True,0.0021900628764170618
4,larger_anatomy,6,uncertainty_only,20264916,11006,12,False,0.06223122168341539,0.026000000000000002,0.0,True,False,False,True,0.0021900628764170618
4,larger_anatomy,6,full_task_aware,20264916,11006,3,True,0.006542491412180725,0.0029850468633666727,0.21213203435596428,True,False,False,True,0.0021900628764170618
4,larger_anatomy,7,generic_baseline,20264917,11007,12,False,0.038286430470954355,0.026000000000000002,0.0,False,False,False,False,-inf
4,larger_anatomy,7,alignment_only,20264917,11007,3,True,0.004415492231152828,0.0029850468633666727,0.21213203435596428,True,False,False,True,0.0014769737383969871
4,larger_anatomy,7,uncertainty_only,20264917,11007,12,False,0.038286430470954355,0.026000000000000002,0.0,False,False,False,False,-inf
4,larger_anatomy,7,full_task_aware,20264917,11007,3,True,0.004415492231152828,0.0029850468633666727,0.21213203435596428,True,False,False,True,0.0014769737383969871
4,larger_anatomy,8,generic_baseline,20264918,11008,12,False,0.026947197941865987,0.026000000000000002,0.0,False,False,False,False,-inf
4,larger_anatomy,8,alignment_only,20264918,11008,3,True,0.0033993435107342648,0.0029850468633666727,0.21213203435596428,True,False,False,True,0.0061836329870558464
4,larger_anatomy,8,uncertainty_only,20264918,11008,12,False,0.026947197941865987,0.026000000000000002,0.0,False,False,False,False,-inf
4,larger_anatomy,8,full_task_aware,20264918,11008,3,True,0.0033993435107342648,0.0029850468633666727,0.21213203435596428,True,False,False,True,0.0061836329870558464
4,larger_anatomy,9,generic_baseline,20264919,11009,12,False,0.02178978748931655,0.026000000000000002,0.0,False,False,False,False,-inf
4,larger_anatomy,9,alignment_only,20264919,11009,3,True,0.0027227432283299362,0.0029850468633666727,0.21213203435596428,True,False,False,True,0.00555521618205807
4,larger_anatomy,9,uncertainty_only,20264919,11009,12,False,0.02178978748931655,0.026000000000000002,0.0,False,False,False,False,-inf
4,larger_anatomy,9,full_task_aware,20264919,11009,3,True,0.0027227432283299362,0.0029850468633666727,0.21213203435596428,True,False,False,True,0.00555521618205807
5,smaller_anatomy,0,generic_baseline,20265910,12000,15,False,0.004596691429152455,0.0030015377255648884,0.0,True,False,False,True,0.005631498728501263
5,smaller_anatomy,0,alignment_only,20265910,12000,15,False,0.004596691429152455,0.0030015377255648884,0.0,True,False,False,True,0.005631498728501263
5,smaller_anatomy,0,uncertainty_only,20265910,12000,15,False,0.004596691429152455,0.0030015377255648884,0.0,True,False,False,True,0.005631498728501263
5,smaller_anatomy,0,full_task_aware,20265910,12000,15,False,0.004596691429152455,0.0030015377255648884,0.0,True,False,False,True,0.005631498728501263
5,smaller_anatomy,1,generic_baseline,20265911,12001,15,False,0.0036715540070193097,0.0030015377255648884,0.0,True,False,False,True,0.0052862639121542595
5,smaller_anatomy,1,alignment_only,20265911,12001,15,False,0.0036715540070193097,0.0030015377255648884,0.0,True,False,False,True,0.0052862639121542595
5,smaller_anatomy,1,uncertainty_only,20265911,12001,15,False,0.0036715540070193097,0.0030015377255648884,0.0,True,False,False,True,0.0052862639121542595
5,smaller_anatomy,1,full_task_aware,20265911,12001,15,False,0.0036715540070193097,0.0030015377255648884,0.0,True,False,False,True,0.0052862639121542595
5,smaller_anatomy,2,generic_baseline,20265912,12002,15,False,0.0020347000202143835,0.0030015377255648884,0.0,True,False,False,True,0.00944003275698394
5,smaller_anatomy,2,alignment_only,20265912,12002,15,False,0.0020347000202143835,0.0030015377255648884,0.0,True,False,False,True,0.00944003275698394
5,smaller_anatomy,2,uncertainty_only,20265912,12002,15,False,0.0020347000202143835,0.0030015377255648884,0.0,True,False,False,True,0.00944003275698394
5,smaller_anatomy,2,full_task_aware,20265912,12002,15,False,0.0020347000202143835,0.0030015377255648884,0.0,True,False,False,True,0.00944003275698394
5,smaller_anatomy,3,generic_baseline,20265913,12003,15,False,0.0071282769668749545,0.0030015377255648884,0.0,True,False,False,True,0.00857780160348638
5,smaller_anatomy,3,alignment_only,20265913,12003,15,False,0.0071282769668749545,0.0030015377255648884,0.0,True,False,False,True,0.00857780160348638
5,smaller_anatomy,3,uncertainty_only,20265913,12003,15,False,0.0071282769668749545,0.0030015377255648884,0.0,True,False,False,True,0.00857780160348638
5,smaller_anatomy,3,full_task_aware,20265913,12003,15,False,0.0071282769668749545,0.0030015377255648884,0.0,True,False,False,True,0.00857780160348638
5,smaller_anatomy,4,generic_baseline,20265914,12004,15,False,0.0032228509211973747,0.0030015377255648884,0.0,True,False,False,True,0.002909041004305111
5,smaller_anatomy,4,alignment_only,20265914,12004,15,False,0.0032228509211973747,0.0030015377255648884,0.0,True,False,False,True,0.002909041004305111
5,smaller_anatomy,4,uncertainty_only,20265914,12004,15,False,0.0032228509211973747,0.0030015377255648884,0.0,True,False,False,True,0.002909041004305111
5,smaller_anatomy,4,full_task_aware,20265914,12004,15,False,0.0032228509211973747,0.0030015377255648884,0.0,True,False,False,True,0.002909041004305111
5,smaller_anatomy,5,generic_baseline,20265915,12005,15,False,0.0030290779811186956,0.0030015377255648884,0.0,True,False,False,True,0.005952408917944003
5,smaller_anatomy,5,alignment_only,20265915,12005,15,False,0.0030290779811186956,0.0030015377255648884,0.0,True,False,False,True,0.005952408917944003
5,smaller_anatomy,5,uncertainty_only,20265915,12005,15,False,0.0030290779811186956,0.0030015377255648884,0.0,True,False,False,True,0.005952408917944003
5,smaller_anatomy,5,full_task_aware,20265915,12005,15,False,0.0030290779811186956,0.0030015377255648884,0.0,True,False,False,True,0.005952408917944003
5,smaller_anatomy,6,generic_baseline,20265916,12006,15,False,0.004373067627747367,0.0030015377255648884,0.0,True,False,False,True,0.00463701824221204
5,smaller_anatomy,6,alignment_only,20265916,12006,15,False,0.004373067627747367,0.0030015377255648884,0.0,True,False,False,True,0.00463701824221204
5,smaller_anatomy,6,uncertainty_only,20265916,12006,15,False,0.004373067627747367,0.0030015377255648884,0.0,True,False,False,True,0.00463701824221204
5,smaller_anatomy,6,full_task_aware,20265916,12006,15,False,0.004373067627747367,0.0030015377255648884,0.0,True,False,False,True,0.00463701824221204
5,smaller_anatomy,7,generic_baseline,20265917,12007,15,False,0.00812377943277375,0.0030015377255648884,0.0,True,False,False,True,0.012473428757364942
5,smaller_anatomy,7,alignment_only,20265917,12007,15,False,0.00812377943277375,0.0030015377255648884,0.0,True,False,False,True,0.012473428757364942
5,smaller_anatomy,7,uncertainty_only,20265917,12007,15,False,0.00812377943277375,0.0030015377255648884,0.0,True,False,False,True,0.012473428757364942
5,smaller_anatomy,7,full_task_aware,20265917,12007,15,False,0.00812377943277375,0.0030015377255648884,0.0,True,False,False,True,0.012473428757364942
5,smaller_anatomy,8,generic_baseline,20265918,12008,15,False,0.003171036233244103,0.0030015377255648884,0.0,True,False,False,True,0.0052114172939666786
5,smaller_anatomy,8,alignment_only,20265918,12008,15,False,0.003171036233244103,0.0030015377255648884,0.0,True,False,False,True,0.0052114172939666786
5,smaller_anatomy,8,uncertainty_only,20265918,12008,15,False,0.003171036233244103,0.0030015377255648884,0.0,True,False,False,True,0.0052114172939666786
5,smaller_anatomy,8,full_task_aware,20265918,12008,15,False,0.003171036233244103,0.0030015377255648884,0.0,True,False,False,True,0.0052114172939666786
5,smaller_anatomy,9,generic_baseline,20265919,12009,15,False,0.0042226748010814625,0.0030015377255648884,0.0,True,False,False,True,0.0052772138821612895
5,smaller_anatomy,9,alignment_only,20265919,12009,15,False,0.0042226748010814625,0.0030015377255648884,0.0,True,False,False,True,0.0052772138821612895
5,smaller_anatomy,9,uncertainty_only,20265919,12009,15,False,0.0042226748010814625,0.0030015377255648884,0.0,True,False,False,True,0.0052772138821612895
5,smaller_anatomy,9,full_task_aware,20265919,12009,15,False,0.0042226748010814625,0.0030015377255648884,0.0,True,False,False,True,0.0052772138821612895
6,larger_safety_margin,0,generic_baseline,20266910,13000,18,False,0.007213557469994046,0.0032602422452589464,0.0,True,False,False,True,0.0006472117934850485
6,larger_safety_margin,0,alignment_only,20266910,13000,17,True,0.006878746614249427,0.003117711648907182,0.07764571353075626,True,False,False,True,0.0015416684024945181
6,larger_safety_margin,0,uncertainty_only,20266910,13000,18,False,0.007213557469994046,0.0032602422452589464,0.0,True,False,False,True,0.0006472117934850485
6,larger_safety_margin,0,full_task_aware,20266910,13000,17,True,0.006878746614249427,0.003117711648907182,0.07764571353075626,True,False,False,True,0.0015416684024945181
6,larger_safety_margin,1,generic_baseline,20266911,13001,18,False,0.005491376767883109,0.0032602422452589464,0.0,True,False,False,True,0.004144236242664625
6,larger_safety_margin,1,alignment_only,20266911,13001,17,True,0.005173160977124865,0.003117711648907182,0.07764571353075626,True,False,False,True,0.004144236242664625
6,larger_safety_margin,1,uncertainty_only,20266911,13001,18,False,0.005491376767883109,0.0032602422452589464,0.0,True,False,False,True,0.004144236242664625
6,larger_safety_margin,1,full_task_aware,20266911,13001,17,True,0.005173160977124865,0.003117711648907182,0.07764571353075626,True,False,False,True,0.004144236242664625
6,larger_safety_margin,2,generic_baseline,20266912,13002,18,False,0.004622916642704495,0.0032602422452589464,0.0,True,False,False,True,0.0022814687849476902
6,larger_safety_margin,2,alignment_only,20266912,13002,17,True,0.004451468785841717,0.003117711648907182,0.07764571353075626,True,False,False,True,0.004014827059105578
6,larger_safety_margin,2,uncertainty_only,20266912,13002,18,False,0.004622916642704495,0.0032602422452589464,0.0,True,False,False,True,0.0022814687849476902
6,larger_safety_margin,2,full_task_aware,20266912,13002,17,True,0.004451468785841717,0.003117711648907182,0.07764571353075626,True,False,False,True,0.004014827059105578
6,larger_safety_margin,3,generic_baseline,20266913,13003,18,False,0.005113618023489929,0.0032602422452589464,0.0,True,False,False,True,0.0030155813168206893
6,larger_safety_margin,3,alignment_only,20266913,13003,17,True,0.004846817368377108,0.003117711648907182,0.07764571353075626,True,False,False,True,0.0030155813168206893
6,larger_safety_margin,3,uncertainty_only,20266913,13003,18,False,0.005113618023489929,0.0032602422452589464,0.0,True,False,False,True,0.0030155813168206893
6,larger_safety_margin,3,full_task_aware,20266913,13003,17,True,0.004846817368377108,0.003117711648907182,0.07764571353075626,True,False,False,True,0.0030155813168206893
6,larger_safety_margin,4,generic_baseline,20266914,13004,18,False,0.006447104244158572,0.0032602422452589464,0.0,True,False,False,True,0.0063501229006556244
6,larger_safety_margin,4,alignment_only,20266914,13004,17,True,0.006117056464817672,0.003117711648907182,0.07764571353075626,True,False,False,True,0.007077140701162157
6,larger_safety_margin,4,uncertainty_only,20266914,13004,18,False,0.006447104244158572,0.0032602422452589464,0.0,True,False,False,True,0.0063501229006556244
6,larger_safety_margin,4,full_task_aware,20266914,13004,17,True,0.006117056464817672,0.003117711648907182,0.07764571353075626,True,False,False,True,0.007077140701162157
6,larger_safety_margin,5,generic_baseline,20266915,13005,18,False,0.005697639572885796,0.0032602422452589464,0.0,True,False,False,True,0.004597844102260848
6,larger_safety_margin,5,alignment_only,20266915,13005,17,True,0.005432561608999023,0.003117711648907182,0.07764571353075626,True,False,False,True,0.004597844102260848
6,larger_safety_margin,5,uncertainty_only,20266915,13005,18,False,0.005697639572885796,0.0032602422452589464,0.0,True,False,False,True,0.004597844102260848
6,larger_safety_margin,5,full_task_aware,20266915,13005,17,True,0.005432561608999023,0.003117711648907182,0.07764571353075626,True,False,False,True,0.004597844102260848
6,larger_safety_margin,6,generic_baseline,20266916,13006,18,False,0.00520384144915123,0.0032602422452589464,0.0,True,False,False,True,0.008806579763169209
6,larger_safety_margin,6,alignment_only,20266916,13006,17,True,0.004969403452216475,0.003117711648907182,0.07764571353075626,True,False,False,True,0.007303110993994983
6,larger_safety_margin,6,uncertainty_only,20266916,13006,18,False,0.00520384144915123,0.0032602422452589464,0.0,True,False,False,True,0.008806579763169209
6,larger_safety_margin,6,full_task_aware,20266916,13006,17,True,0.004969403452216475,0.003117711648907182,0.07764571353075626,True,False,False,True,0.007303110993994983
6,larger_safety_margin,7,generic_baseline,20266917,13007,18,False,0.0030362695110644185,0.0032602422452589464,0.0,True,False,False,True,0.007702896388327501
6,larger_safety_margin,7,alignment_only,20266917,13007,17,True,0.00291543562568401,0.003117711648907182,0.07764571353075626,True,False,False,True,0.006056119719222033
6,larger_safety_margin,7,uncertainty_only,20266917,13007,18,False,0.0030362695110644185,0.0032602422452589464,0.0,True,False,False,True,0.007702896388327501
6,larger_safety_margin,7,full_task_aware,20266917,13007,17,True,0.00291543562568401,0.003117711648907182,0.07764571353075626,True,False,False,True,0.006056119719222033
6,larger_safety_margin,8,generic_baseline,20266918,13008,18,False,0.0034846533569170748,0.0032602422452589464,0.0,True,False,False,True,0.006176358318456502
6,larger_safety_margin,8,alignment_only,20266918,13008,17,True,0.0032904318254819544,0.003117711648907182,0.07764571353075626,True,False,False,True,0.006176358318456502
6,larger_safety_margin,8,uncertainty_only,20266918,13008,18,False,0.0034846533569170748,0.0032602422452589464,0.0,True,False,False,True,0.006176358318456502
6,larger_safety_margin,8,full_task_aware,20266918,13008,17,True,0.0032904318254819544,0.003117711648907182,0.07764571353075626,True,False,False,True,0.006176358318456502
6,larger_safety_margin,9,generic_baseline,20266919,13009,18,False,0.005517745267030354,0.0032602422452589464,0.0,True,False,False,True,0.008574067695085062
6,larger_safety_margin,9,alignment_only,20266919,13009,17,True,0.005293240801239109,0.003117711648907182,0.07764571353075626,True,False,False,True,0.006138242293401956
6,larger_safety_margin,9,uncertainty_only,20266919,13009,18,False,0.005517745267030354,0.0032602422452589464,0.0,True,False,False,True,0.008574067695085062
6,larger_safety_margin,9,full_task_aware,20266919,13009,17,True,0.005293240801239109,0.003117711648907182,0.07764571353075626,True,False,False,True,0.006138242293401956
7,partial_occlusion,0,generic_baseline,20267910,14000,16,False,0.0030439757562263784,0.002908244629945234,0.0520944533000791,True,False,False,True,0.006025848033330885
7,partial_occlusion,0,alignment_only,20267910,14000,16,False,0.0030439757562263784,0.002908244629945234,0.0520944533000791,True,False,False,True,0.006025848033330885
7,partial_occlusion,0,uncertainty_only,20267910,14000,16,False,0.0030439757562263784,0.002908244629945234,0.0520944533000791,True,False,False,True,0.006025848033330885
7,partial_occlusion,0,full_task_aware,20267910,14000,16,False,0.0030439757562263784,0.002908244629945234,0.0520944533000791,True,False,False,True,0.006025848033330885
7,partial_occlusion,1,generic_baseline,20267911,14001,16,False,0.003952998732246801,0.002908244629945234,0.0520944533000791,True,False,False,True,0.006512869050127599
7,partial_occlusion,1,alignment_only,20267911,14001,16,False,0.003952998732246801,0.002908244629945234,0.0520944533000791,True,False,False,True,0.006512869050127599
7,partial_occlusion,1,uncertainty_only,20267911,14001,16,False,0.003952998732246801,0.002908244629945234,0.0520944533000791,True,False,False,True,0.006512869050127599
7,partial_occlusion,1,full_task_aware,20267911,14001,16,False,0.003952998732246801,0.002908244629945234,0.0520944533000791,True,False,False,True,0.006512869050127599
7,partial_occlusion,2,generic_baseline,20267912,14002,16,False,0.005088905413417606,0.002908244629945234,0.0520944533000791,True,False,False,True,0.0038845334714855736
7,partial_occlusion,2,alignment_only,20267912,14002,16,False,0.005088905413417606,0.002908244629945234,0.0520944533000791,True,False,False,True,0.0038845334714855736
7,partial_occlusion,2,uncertainty_only,20267912,14002,16,False,0.005088905413417606,0.002908244629945234,0.0520944533000791,True,False,False,True,0.0038845334714855736
7,partial_occlusion,2,full_task_aware,20267912,14002,16,False,0.005088905413417606,0.002908244629945234,0.0520944533000791,True,False,False,True,0.0038845334714855736
7,partial_occlusion,3,generic_baseline,20267913,14003,16,False,0.00336176013725218,0.002908244629945234,0.0520944533000791,True,False,False,True,0.003981396961061636
7,partial_occlusion,3,alignment_only,20267913,14003,16,False,0.00336176013725218,0.002908244629945234,0.0520944533000791,True,False,False,True,0.003981396961061636
7,partial_occlusion,3,uncertainty_only,20267913,14003,16,False,0.00336176013725218,0.002908244629945234,0.0520944533000791,True,False,False,True,0.003981396961061636
7,partial_occlusion,3,full_task_aware,20267913,14003,16,False,0.00336176013725218,0.002908244629945234,0.0520944533000791,True,False,False,True,0.003981396961061636
7,partial_occlusion,4,generic_baseline,20267914,14004,16,False,0.0038948546136526427,0.002908244629945234,0.0520944533000791,True,False,False,True,0.0047625540680248015
7,partial_occlusion,4,alignment_only,20267914,14004,16,False,0.0038948546136526427,0.002908244629945234,0.0520944533000791,True,False,False,True,0.0047625540680248015
7,partial_occlusion,4,uncertainty_only,20267914,14004,16,False,0.0038948546136526427,0.002908244629945234,0.0520944533000791,True,False,False,True,0.0047625540680248015
7,partial_occlusion,4,full_task_aware,20267914,14004,16,False,0.0038948546136526427,0.002908244629945234,0.0520944533000791,True,False,False,True,0.0047625540680248015
7,partial_occlusion,5,generic_baseline,20267915,14005,16,False,0.006948161228622907,0.002908244629945234,0.0520944533000791,True,False,False,True,0.0024211352893796483
7,partial_occlusion,5,alignment_only,20267915,14005,16,False,0.006948161228622907,0.002908244629945234,0.0520944533000791,True,False,False,True,0.0024211352893796483
7,partial_occlusion,5,uncertainty_only,20267915,14005,16,False,0.006948161228622907,0.002908244629945234,0.0520944533000791,True,False,False,True,0.0024211352893796483
7,partial_occlusion,5,full_task_aware,20267915,14005,16,False,0.006948161228622907,0.002908244629945234,0.0520944533000791,True,False,False,True,0.0024211352893796483
7,partial_occlusion,6,generic_baseline,20267916,14006,16,False,0.004574272946794292,0.002908244629945234,0.0520944533000791,True,False,False,True,0.002918803124849092
7,partial_occlusion,6,alignment_only,20267916,14006,16,False,0.004574272946794292,0.002908244629945234,0.0520944533000791,True,False,False,True,0.002918803124849092
7,partial_occlusion,6,uncertainty_only,20267916,14006,16,False,0.004574272946794292,0.002908244629945234,0.0520944533000791,True,False,False,True,0.002918803124849092
7,partial_occlusion,6,full_task_aware,20267916,14006,16,False,0.004574272946794292,0.002908244629945234,0.0520944533000791,True,False,False,True,0.002918803124849092
7,partial_occlusion,7,generic_baseline,20267917,14007,16,False,0.005698857023850777,0.002908244629945234,0.0520944533000791,True,False,False,True,0.004270554803228207
7,partial_occlusion,7,alignment_only,20267917,14007,16,False,0.005698857023850777,0.002908244629945234,0.0520944533000791,True,False,False,True,0.004270554803228207
7,partial_occlusion,7,uncertainty_only,20267917,14007,16,False,0.005698857023850777,0.002908244629945234,0.0520944533000791,True,False,False,True,0.004270554803228207
7,partial_occlusion,7,full_task_aware,20267917,14007,16,False,0.005698857023850777,0.002908244629945234,0.0520944533000791,True,False,False,True,0.004270554803228207
7,partial_occlusion,8,generic_baseline,20267918,14008,16,False,0.005005986904832524,0.002908244629945234,0.0520944533000791,True,False,False,True,0.0005307266885356942
7,partial_occlusion,8,alignment_only,20267918,14008,16,False,0.005005986904832524,0.002908244629945234,0.0520944533000791,True,False,False,True,0.0005307266885356942
7,partial_occlusion,8,uncertainty_only,20267918,14008,16,False,0.005005986904832524,0.002908244629945234,0.0520944533000791,True,False,False,True,0.0005307266885356942
7,partial_occlusion,8,full_task_aware,20267918,14008,16,False,0.005005986904832524,0.002908244629945234,0.0520944533000791,True,False,False,True,0.0005307266885356942
7,partial_occlusion,9,generic_baseline,20267919,14009,16,False,0.004947425354819517,0.002908244629945234,0.0520944533000791,True,False,False,True,0.004588726338034551
7,partial_occlusion,9,alignment_only,20267919,14009,16,False,0.004947425354819517,0.002908244629945234,0.0520944533000791,True,False,False,True,0.004588726338034551
7,partial_occlusion,9,uncertainty_only,20267919,14009,16,False,0.004947425354819517,0.002908244629945234,0.0520944533000791,True,False,False,True,0.004588726338034551
7,partial_occlusion,9,full_task_aware,20267919,14009,16,False,0.004947425354819517,0.002908244629945234,0.0520944533000791,True,False,False,True,0.004588726338034551
8,strong_occlusion,0,generic_baseline,20268910,15000,20,False,0.01893718300471888,0.026000000000000002,0.0520944533000791,False,False,False,False,-inf
8,strong_occlusion,0,alignment_only,20268910,15000,93,True,0.005720174726079576,0.003218364783965329,0.15480689228453942,True,False,False,True,0.007206098999272019
8,strong_occlusion,0,uncertainty_only,20268910,15000,20,False,0.01893718300471888,0.026000000000000002,0.0520944533000791,False,False,False,False,-inf
8,strong_occlusion,0,full_task_aware,20268910,15000,4,True,0.004052260121310159,0.0028937038504406277,0.24413930440481207,True,False,False,True,0.004710095105810655
8,strong_occlusion,1,generic_baseline,20268911,15001,20,False,0.04827776405920381,0.026000000000000002,0.0520944533000791,False,False,False,False,-inf
8,strong_occlusion,1,alignment_only,20268911,15001,93,True,0.0055416666321692586,0.003218364783965329,0.15480689228453942,True,False,False,True,0.009265462781670742
8,strong_occlusion,1,uncertainty_only,20268911,15001,20,False,0.04827776405920381,0.026000000000000002,0.0520944533000791,False,False,False,False,-inf
8,strong_occlusion,1,full_task_aware,20268911,15001,4,True,0.005122971840217164,0.0028937038504406277,0.24413930440481207,True,False,False,True,0.007638796909669092
8,strong_occlusion,2,generic_baseline,20268912,15002,20,False,0.05276309505506345,0.026000000000000002,0.0520944533000791,False,False,False,False,-inf
8,strong_occlusion,2,alignment_only,20268912,15002,93,True,0.004099044872622812,0.003218364783965329,0.15480689228453942,True,False,False,True,0.006489102614997527
8,strong_occlusion,2,uncertainty_only,20268912,15002,20,False,0.05276309505506345,0.026000000000000002,0.0520944533000791,False,False,False,False,-inf
8,strong_occlusion,2,full_task_aware,20268912,15002,4,True,0.004471418436275619,0.0028937038504406277,0.24413930440481207,True,False,False,True,0.007502222351910273
8,strong_occlusion,3,generic_baseline,20268913,15003,20,False,0.040970792058260666,0.026000000000000002,0.0520944533000791,False,False,False,False,-inf
8,strong_occlusion,3,alignment_only,20268913,15003,93,True,0.0039036134668048303,0.003218364783965329,0.15480689228453942,True,False,False,True,0.008310773459992494
8,strong_occlusion,3,uncertainty_only,20268913,15003,20,False,0.040970792058260666,0.026000000000000002,0.0520944533000791,False,False,False,False,-inf
8,strong_occlusion,3,full_task_aware,20268913,15003,4,True,0.003887193850137937,0.0028937038504406277,0.24413930440481207,True,False,False,True,0.009583999296881049
8,strong_occlusion,4,generic_baseline,20268914,15004,20,False,0.03227746650151251,0.026000000000000002,0.0520944533000791,False,False,False,False,-inf
8,strong_occlusion,4,alignment_only,20268914,15004,93,True,0.004802089814767044,0.003218364783965329,0.15480689228453942,True,False,False,True,0.010863072243202388
8,strong_occlusion,4,uncertainty_only,20268914,15004,20,False,0.03227746650151251,0.026000000000000002,0.0520944533000791,False,False,False,False,-inf
8,strong_occlusion,4,full_task_aware,20268914,15004,4,True,0.004057011691007733,0.0028937038504406277,0.24413930440481207,True,False,False,True,0.007555300976175424
8,strong_occlusion,5,generic_baseline,20268915,15005,20,False,0.07263199022976422,0.026000000000000002,0.0520944533000791,False,False,False,False,-inf
8,strong_occlusion,5,alignment_only,20268915,15005,93,True,0.007876682927726763,0.003218364783965329,0.15480689228453942,True,False,False,True,0.009359737660422
8,strong_occlusion,5,uncertainty_only,20268915,15005,20,False,0.07263199022976422,0.026000000000000002,0.0520944533000791,False,False,False,False,-inf
8,strong_occlusion,5,full_task_aware,20268915,15005,4,True,0.0074420394508624655,0.0028937038504406277,0.24413930440481207,True,False,False,True,0.008692051568271178
8,strong_occlusion,6,generic_baseline,20268916,15006,20,False,0.04980388181760026,0.026000000000000002,0.0520944533000791,False,False,False,False,-inf
8,strong_occlusion,6,alignment_only,20268916,15006,93,True,0.006412729815260932,0.003218364783965329,0.15480689228453942,True,False,False,True,0.006893857485809179
8,strong_occlusion,6,uncertainty_only,20268916,15006,20,False,0.04980388181760026,0.026000000000000002,0.0520944533000791,False,False,False,False,-inf
8,strong_occlusion,6,full_task_aware,20268916,15006,4,True,0.005685745847764986,0.0028937038504406277,0.24413930440481207,True,False,False,True,0.007648843185606579
8,strong_occlusion,7,generic_baseline,20268917,15007,20,False,0.08031850894913495,0.026000000000000002,0.0520944533000791,False,False,False,False,-inf
8,strong_occlusion,7,alignment_only,20268917,15007,93,True,0.007640929838180021,0.003218364783965329,0.15480689228453942,True,False,False,True,0.005347069036929509
8,strong_occlusion,7,uncertainty_only,20268917,15007,20,False,0.08031850894913495,0.026000000000000002,0.0520944533000791,False,False,False,False,-inf
8,strong_occlusion,7,full_task_aware,20268917,15007,4,True,0.007613682266763414,0.0028937038504406277,0.24413930440481207,True,False,False,True,0.0031415929749772555
8,strong_occlusion,8,generic_baseline,20268918,15008,20,False,0.0701348023534252,0.026000000000000002,0.0520944533000791,False,False,False,False,-inf
8,strong_occlusion,8,alignment_only,20268918,15008,93,True,0.006399124432005499,0.003218364783965329,0.15480689228453942,True,False,False,True,0.006107365359303818
8,strong_occlusion,8,uncertainty_only,20268918,15008,20,False,0.0701348023534252,0.026000000000000002,0.0520944533000791,False,False,False,False,-inf
8,strong_occlusion,8,full_task_aware,20268918,15008,4,True,0.006491083211961491,0.0028937038504406277,0.24413930440481207,True,False,False,True,0.004772005750094807
8,strong_occlusion,9,generic_baseline,20268919,15009,20,False,0.04643096439847106,0.026000000000000002,0.0520944533000791,False,False,False,False,-inf
8,strong_occlusion,9,alignment_only,20268919,15009,93,True,0.0037197834283110437,0.003218364783965329,0.15480689228453942,True,False,False,True,0.005485669169511908
8,strong_occlusion,9,uncertainty_only,20268919,15009,20,False,0.04643096439847106,0.026000000000000002,0.0520944533000791,False,False,False,False,-inf
8,strong_occlusion,9,full_task_aware,20268919,15009,4,True,0.003999697453822327,0.0028937038504406277,0.24413930440481207,True,False,False,True,0.004803474432881148
9,combined_variation,0,generic_baseline,20269910,16000,1,False,0.00530001947493878,0.0032740470248614974,0.0520944533000791,True,False,False,True,0.008308613648209734
9,combined_variation,0,alignment_only,20269910,16000,15,True,0.004889343441164842,0.003001537725564889,0.15000000000000002,True,False,False,True,0.007206981162028071
9,combined_variation,0,uncertainty_only,20269910,16000,1,False,0.00530001947493878,0.0032740470248614974,0.0520944533000791,True,False,False,True,0.008308613648209734
9,combined_variation,0,full_task_aware,20269910,16000,15,True,0.004889343441164842,0.003001537725564889,0.15000000000000002,True,False,False,True,0.007206981162028071
9,combined_variation,1,generic_baseline,20269911,16001,1,False,0.006643846053464147,0.0032740470248614974,0.0520944533000791,True,False,False,True,0.0012383037924413916
9,combined_variation,1,alignment_only,20269911,16001,15,True,0.006041591379440634,0.003001537725564889,0.15000000000000002,True,False,False,True,0.006971580674201871
9,combined_variation,1,uncertainty_only,20269911,16001,1,False,0.006643846053464147,0.0032740470248614974,0.0520944533000791,True,False,False,True,0.0012383037924413916
9,combined_variation,1,full_task_aware,20269911,16001,15,True,0.006041591379440634,0.003001537725564889,0.15000000000000002,True,False,False,True,0.006971580674201871
9,combined_variation,2,generic_baseline,20269912,16002,1,False,0.003736812041857165,0.0032740470248614974,0.0520944533000791,True,False,False,True,0.004357999392781314
9,combined_variation,2,alignment_only,20269912,16002,15,True,0.003371320097098748,0.003001537725564889,0.15000000000000002,True,False,False,True,0.004357999392781314
9,combined_variation,2,uncertainty_only,20269912,16002,1,False,0.003736812041857165,0.0032740470248614974,0.0520944533000791,True,False,False,True,0.004357999392781314
9,combined_variation,2,full_task_aware,20269912,16002,15,True,0.003371320097098748,0.003001537725564889,0.15000000000000002,True,False,False,True,0.004357999392781314
9,combined_variation,3,generic_baseline,20269913,16003,1,False,0.0030427032920615758,0.0032740470248614974,0.0520944533000791,True,False,False,True,0.004163690786792641
9,combined_variation,3,alignment_only,20269913,16003,15,True,0.002769089422760757,0.003001537725564889,0.15000000000000002,True,False,False,True,0.008366800285912855
9,combined_variation,3,uncertainty_only,20269913,16003,1,False,0.0030427032920615758,0.0032740470248614974,0.0520944533000791,True,False,False,True,0.004163690786792641
9,combined_variation,3,full_task_aware,20269913,16003,15,True,0.002769089422760757,0.003001537725564889,0.15000000000000002,True,False,False,True,0.008366800285912855
9,combined_variation,4,generic_baseline,20269914,16004,1,False,0.005666248975739666,0.0032740470248614974,0.0520944533000791,True,False,False,True,0.006096582546380914
9,combined_variation,4,alignment_only,20269914,16004,15,True,0.005130493013265384,0.003001537725564889,0.15000000000000002,True,False,False,True,0.005977948995437783
9,combined_variation,4,uncertainty_only,20269914,16004,1,False,0.005666248975739666,0.0032740470248614974,0.0520944533000791,True,False,False,True,0.006096582546380914
9,combined_variation,4,full_task_aware,20269914,16004,15,True,0.005130493013265384,0.003001537725564889,0.15000000000000002,True,False,False,True,0.005977948995437783
9,combined_variation,5,generic_baseline,20269915,16005,1,False,0.004720719468319456,0.0032740470248614974,0.0520944533000791,True,False,False,True,0.00339071004045202
9,combined_variation,5,alignment_only,20269915,16005,15,True,0.004297847145470331,0.003001537725564889,0.15000000000000002,True,False,False,True,0.002287796815214507
9,combined_variation,5,uncertainty_only,20269915,16005,1,False,0.004720719468319456,0.0032740470248614974,0.0520944533000791,True,False,False,True,0.00339071004045202
9,combined_variation,5,full_task_aware,20269915,16005,15,True,0.004297847145470331,0.003001537725564889,0.15000000000000002,True,False,False,True,0.002287796815214507
9,combined_variation,6,generic_baseline,20269916,16006,1,False,0.004869965666237199,0.0032740470248614974,0.0520944533000791,True,False,False,True,0.001648519359777818
9,combined_variation,6,alignment_only,20269916,16006,15,True,0.004574431870789436,0.003001537725564889,0.15000000000000002,True,False,False,True,0.001648519359777818
9,combined_variation,6,uncertainty_only,20269916,16006,1,False,0.004869965666237199,0.0032740470248614974,0.0520944533000791,True,False,False,True,0.001648519359777818
9,combined_variation,6,full_task_aware,20269916,16006,15,True,0.004574431870789436,0.003001537725564889,0.15000000000000002,True,False,False,True,0.001648519359777818
9,combined_variation,7,generic_baseline,20269917,16007,1,False,0.0035370595084482457,0.0032740470248614974,0.0520944533000791,True,False,False,True,0.0024213091119034674
9,combined_variation,7,alignment_only,20269917,16007,15,True,0.003267763904997852,0.003001537725564889,0.15000000000000002,True,False,False,True,0.0024213091119034674
9,combined_variation,7,uncertainty_only,20269917,16007,1,False,0.0035370595084482457,0.0032740470248614974,0.0520944533000791,True,False,False,True,0.0024213091119034674
9,combined_variation,7,full_task_aware,20269917,16007,15,True,0.003267763904997852,0.003001537725564889,0.15000000000000002,True,False,False,True,0.0024213091119034674
9,combined_variation,8,generic_baseline,20269918,16008,1,False,0.0058906465724033125,0.0032740470248614974,0.0520944533000791,True,False,False,True,0.005888569644808555
9,combined_variation,8,alignment_only,20269918,16008,15,True,0.005399781065781218,0.003001537725564889,0.15000000000000002,True,False,False,True,0.003630295801791422
9,combined_variation,8,uncertainty_only,20269918,16008,1,False,0.0058906465724033125,0.0032740470248614974,0.0520944533000791,True,False,False,True,0.005888569644808555
9,combined_variation,8,full_task_aware,20269918,16008,15,True,0.005399781065781218,0.003001537725564889,0.15000000000000002,True,False,False,True,0.003630295801791422
9,combined_variation,9,generic_baseline,20269919,16009,1,False,0.007607705615794525,0.0032740470248614974,0.0520944533000791,True,False,False,True,0.004454030852932131
9,combined_variation,9,alignment_only,20269919,16009,15,True,0.006883469525836836,0.003001537725564889,0.15000000000000002,True,False,False,True,0.004454030852932131
9,combined_variation,9,uncertainty_only,20269919,16009,1,False,0.007607705615794525,0.0032740470248614974,0.0520944533000791,True,False,False,True,0.004454030852932131
9,combined_variation,9,full_task_aware,20269919,16009,15,True,0.006883469525836836,0.003001537725564889,0.15000000000000002,True,False,False,True,0.004454030852932131
